delivery_partner_id,partner_name,partner_phone,vehicle_type,is_verified,is_active,home_city_id,total_deliveries_completed,average_rating,acceptance_rate,onboarded_at,updated_at,_fivetran_synced
DP01,Ravi Sharma,9900001101,motorcycle,true,true,1,2840,4.4,0.92,2021-03-15 09:00:00,2024-03-28 18:00:00,2024-03-28 19:00:00
DP02,Sunil Yadav,9900001102,motorcycle,true,true,1,1950,4.2,0.89,2021-08-20 09:00:00,2024-03-28 18:00:00,2024-03-28 19:00:00
DP03,Arjun Singh,9900001103,scooter,true,true,2,3210,4.5,0.94,2020-11-10 09:00:00,2024-03-28 18:00:00,2024-03-28 19:00:00
DP04,Deepak Gupta,9900001104,motorcycle,true,true,2,1640,4.1,0.87,2022-01-05 09:00:00,2024-03-28 18:00:00,2024-03-28 19:00:00
DP05,Vinay Kumar,9900001105,motorcycle,true,true,3,2780,4.3,0.91,2021-06-22 09:00:00,2024-03-28 18:00:00,2024-03-28 19:00:00
DP06,Rajesh Nair,9900001106,scooter,true,true,3,1890,4.2,0.88,2022-04-18 09:00:00,2024-03-28 18:00:00,2024-03-28 19:00:00
DP07,Sathish Kumar,9900001107,motorcycle,true,true,4,2150,4.4,0.93,2021-09-30 09:00:00,2024-03-28 18:00:00,2024-03-28 19:00:00
DP08,Mohammed Ali,9900001108,motorcycle,true,true,5,2560,4.3,0.90,2021-05-12 09:00:00,2024-03-28 18:00:00,2024-03-28 19:00:00
DP09,Ramesh Reddy,9900001109,scooter,true,true,5,1320,4.0,0.85,2022-07-08 09:00:00,2024-03-28 18:00:00,2024-03-28 19:00:00
DP10,Prakash Das,9900001110,motorcycle,true,true,6,1740,4.2,0.88,2021-12-14 09:00:00,2024-03-28 18:00:00,2024-03-28 19:00:00
DP11,Santosh Jadhav,9900001111,motorcycle,true,true,7,980,4.1,0.86,2022-10-25 09:00:00,2024-03-28 18:00:00,2024-03-28 19:00:00
DP12,Kiran Patel,9900001112,scooter,true,true,8,860,4.0,0.84,2022-11-30 09:00:00,2024-03-28 18:00:00,2024-03-28 19:00:00
DP13,Rahul Verma,9900001113,bicycle,true,true,1,640,3.9,0.82,2023-02-14 09:00:00,2024-03-28 18:00:00,2024-03-28 19:00:00
DP14,Amit Pandey,9900001114,motorcycle,true,true,2,1120,4.3,0.91,2022-08-20 09:00:00,2024-03-28 18:00:00,2024-03-28 19:00:00
DP15,Suresh Pillai,9900001115,motorcycle,true,true,4,1480,4.4,0.93,2022-05-15 09:00:00,2024-03-28 18:00:00,2024-03-28 19:00:00
