order_item_id,order_id,menu_item_id,restaurant_id,item_name,item_category,is_vegetarian,quantity,unit_price,item_subtotal,customizations,customization_price_delta,_fivetran_synced,created_at
OI001,ORD001,M001,1,Dal Makhani,Main Course,true,1,249,249,,0,2024-01-05 12:30:00,2024-01-05 12:30:00
OI002,ORD001,M002,1,Paneer Butter Masala,Main Course,true,1,279,279,,0,2024-01-05 12:30:00,2024-01-05 12:30:00
OI003,ORD002,M007,2,BBQ Combo for Two,Combos,false,1,1299,1299,,0,2024-01-06 19:15:00,2024-01-06 19:15:00
OI004,ORD003,M015,5,Chicken Bucket (8 pcs),Buckets,false,1,399,399,,0,2024-01-07 13:00:00,2024-01-07 13:00:00
OI005,ORD004,M008,3,Hyderabadi Chicken Biryani,Biryani,false,1,249,249,,0,2024-01-08 20:30:00,2024-01-08 20:30:00
OI006,ORD004,M009,3,Mutton Biryani,Biryani,false,1,299,299,,0,2024-01-08 20:30:00,2024-01-08 20:30:00
OI007,ORD005,M021,7,McAloo Tikki Burger,Burgers,true,2,79,158,,0,2024-01-10 12:00:00,2024-01-10 12:00:00
OI008,ORD005,M024,7,Happy Meal Chicken,Combos,false,1,249,249,,0,2024-01-10 12:00:00,2024-01-10 12:00:00
OI009,ORD006,M029,9,Chicken Biryani,Biryani,false,2,229,458,,0,2024-01-11 19:45:00,2024-01-11 19:45:00
OI010,ORD007,M025,8,Full Meals Thali,Thali,true,1,199,199,,0,2024-01-12 13:15:00,2024-01-12 13:15:00
OI011,ORD007,M026,8,Masala Dosa,Breakfast,true,1,99,99,,0,2024-01-12 13:15:00,2024-01-12 13:15:00
OI012,ORD008,M027,8,Idli Sambar (3 pcs),Breakfast,true,2,79,158,,0,2024-01-13 09:30:00,2024-01-13 09:30:00
OI013,ORD008,M028,8,Filter Coffee,Beverages,true,1,49,49,,0,2024-01-13 09:30:00,2024-01-13 09:30:00
OI014,ORD009,M049,15,Chocolate Truffle Cake (1 slice),Cakes,true,1,199,199,,0,2024-01-14 16:00:00,2024-01-14 16:00:00
OI015,ORD009,M050,15,Walnut Brownie,Brownies,true,1,149,149,,0,2024-01-14 16:00:00,2024-01-14 16:00:00
OI016,ORD010,M018,6,Veggie Paradise Pizza,Pizza,true,1,219,219,,0,2024-01-15 20:00:00,2024-01-15 20:00:00
OI017,ORD010,M019,6,Chicken Dominator Pizza,Pizza,false,1,329,329,,0,2024-01-15 20:00:00,2024-01-15 20:00:00
OI018,ORD011,M013,4,Chicken Supreme Pizza,Pizza,false,1,349,349,,0,2024-01-16 19:00:00,2024-01-16 19:00:00
OI019,ORD011,M014,4,Farmhouse Pizza,Pizza,true,1,299,299,,0,2024-01-16 19:00:00,2024-01-16 19:00:00
OI020,ORD012,M025,8,Full Meals Thali,Thali,true,1,199,199,,0,2024-01-17 13:00:00,2024-01-17 13:00:00
OI021,ORD012,M026,8,Masala Dosa,Breakfast,true,1,99,99,,0,2024-01-17 13:00:00,2024-01-17 13:00:00
OI022,ORD013,M032,10,Butter Chicken,Main Course,false,1,349,349,,0,2024-01-25 21:00:00,2024-01-25 21:00:00
OI023,ORD013,M033,10,Dal Bukhara,Main Course,true,1,279,279,,0,2024-01-25 21:00:00,2024-01-25 21:00:00
OI024,ORD014,M008,3,Hyderabadi Chicken Biryani,Biryani,false,1,249,249,,0,2024-01-26 12:30:00,2024-01-26 12:30:00
OI025,ORD014,M011,3,Raita,Accompaniments,true,1,49,49,,0,2024-01-26 12:30:00,2024-01-26 12:30:00
OI026,ORD015,M047,14,Dragon Chicken,Main Course,false,1,349,349,,0,2024-01-27 20:30:00,2024-01-27 20:30:00
OI027,ORD015,M046,14,Veg Fried Rice,Rice,true,1,249,249,,0,2024-01-27 20:30:00,2024-01-27 20:30:00
OI028,ORD016,M036,11,Café Latte,Hot Beverages,true,1,179,179,,0,2024-01-28 16:00:00,2024-01-28 16:00:00
OI029,ORD017,M017,5,Crispy Strips (5 pcs),Strips,false,2,229,458,,0,2024-01-29 13:00:00,2024-01-29 13:00:00
OI030,ORD017,M016,5,Zinger Burger,Burgers,false,1,179,179,,0,2024-01-29 13:00:00,2024-01-29 13:00:00
OI031,ORD018,M001,1,Dal Makhani,Main Course,true,1,249,249,,0,2024-01-30 19:30:00,2024-01-30 19:30:00
OI032,ORD018,M003,1,Aloo Gobi,Main Course,true,1,199,199,,0,2024-01-30 19:30:00,2024-01-30 19:30:00
OI033,ORD018,M004,1,Masala Papad,Starters,true,1,79,79,,0,2024-01-30 19:30:00,2024-01-30 19:30:00
OI034,ORD019,M042,13,Dal Tadka,Main Course,true,1,179,179,,0,2024-02-01 20:00:00,2024-02-01 20:00:00
OI035,ORD019,M043,13,Butter Chicken,Main Course,false,1,269,269,,0,2024-02-01 20:00:00,2024-02-01 20:00:00
OI036,ORD019,M044,13,Jeera Rice,Rice,true,1,149,149,,0,2024-02-01 20:00:00,2024-02-01 20:00:00
OI037,ORD020,M007,2,BBQ Combo for Two,Combos,false,1,1299,1299,,0,2024-02-03 19:00:00,2024-02-03 19:00:00
OI038,ORD021,M022,7,Chicken McGrill Burger,Burgers,false,1,169,169,,0,2024-02-04 12:30:00,2024-02-04 12:30:00
OI039,ORD021,M023,7,McSpicy Paneer Burger,Burgers,true,1,179,179,,0,2024-02-04 12:30:00,2024-02-04 12:30:00
OI040,ORD021,M021,7,McAloo Tikki Burger,Burgers,true,1,79,79,,0,2024-02-04 12:30:00,2024-02-04 12:30:00
OI041,ORD022,M029,9,Chicken Biryani,Biryani,false,2,229,458,,0,2024-02-05 20:15:00,2024-02-05 20:15:00
OI042,ORD023,M025,8,Full Meals Thali,Thali,true,1,199,199,,0,2024-02-07 13:00:00,2024-02-07 13:00:00
OI043,ORD023,M028,8,Filter Coffee,Beverages,true,1,49,49,,0,2024-02-07 13:00:00,2024-02-07 13:00:00
OI044,ORD023,M027,8,Idli Sambar (3 pcs),Breakfast,true,1,79,79,,0,2024-02-07 13:00:00,2024-02-07 13:00:00
OI045,ORD024,M052,16,Mutton Biryani,Biryani,false,1,349,349,,0,2024-02-08 20:30:00,2024-02-08 20:30:00
OI046,ORD024,M053,16,Chicken Biryani,Biryani,false,1,249,249,,0,2024-02-08 20:30:00,2024-02-08 20:30:00
OI047,ORD025,M018,6,Veggie Paradise Pizza,Pizza,true,1,219,219,,0,2024-02-10 19:00:00,2024-02-10 19:00:00
OI048,ORD025,M019,6,Chicken Dominator Pizza,Pizza,false,1,329,329,,0,2024-02-10 19:00:00,2024-02-10 19:00:00
OI049,ORD026,M039,12,Mango Ice Cream (2 scoops),Ice Cream,true,1,149,149,,0,2024-02-11 15:30:00,2024-02-11 15:30:00
OI050,ORD026,M041,12,Chikoo Ice Cream (2 scoops),Ice Cream,true,1,129,129,,0,2024-02-11 15:30:00,2024-02-11 15:30:00
OI051,ORD026,M040,12,Sitaphal Ice Cream (2 scoops),Ice Cream,true,1,149,149,,0,2024-02-11 15:30:00,2024-02-11 15:30:00
OI052,ORD027,M016,5,Zinger Burger,Burgers,false,1,179,179,,0,2024-02-14 13:00:00,2024-02-14 13:00:00
OI053,ORD027,M017,5,Crispy Strips (5 pcs),Strips,false,1,229,229,,0,2024-02-14 13:00:00,2024-02-14 13:00:00
OI054,ORD028,M038,11,Blueberry Muffin,Bakery,true,1,129,129,,0,2024-02-15 17:00:00,2024-02-15 17:00:00
OI055,ORD028,M037,11,Cold Coffee with Ice Cream,Cold Beverages,true,1,149,149,,0,2024-02-15 17:00:00,2024-02-15 17:00:00
OI056,ORD029,M043,13,Butter Chicken,Main Course,false,1,269,269,,0,2024-02-18 20:00:00,2024-02-18 20:00:00
OI057,ORD029,M042,13,Dal Tadka,Main Course,true,1,179,179,,0,2024-02-18 20:00:00,2024-02-18 20:00:00
OI058,ORD029,M044,13,Jeera Rice,Rice,true,1,149,149,,0,2024-02-18 20:00:00,2024-02-18 20:00:00
OI059,ORD030,M012,4,Margherita Pizza,Pizza,true,1,249,249,,0,2024-02-18 21:00:00,2024-02-18 21:00:00
OI060,ORD030,M013,4,Chicken Supreme Pizza,Pizza,false,1,349,349,,0,2024-02-18 21:00:00,2024-02-18 21:00:00
OI061,ORD030,M014,4,Farmhouse Pizza,Pizza,true,1,299,299,,0,2024-02-18 21:00:00,2024-02-18 21:00:00
OI062,ORD031,M053,16,Chicken Biryani,Biryani,false,1,249,249,,0,2024-02-22 19:00:00,2024-02-22 19:00:00
OI063,ORD031,M054,16,Egg Biryani,Biryani,false,1,199,199,,0,2024-02-22 19:00:00,2024-02-22 19:00:00
OI064,ORD032,M025,8,Full Meals Thali,Thali,true,2,199,398,,0,2024-02-25 13:30:00,2024-02-25 13:30:00
OI065,ORD033,M055,17,Gujarati Thali Special,Thali,true,1,499,499,,0,2024-02-28 19:00:00,2024-02-28 19:00:00
OI066,ORD033,M056,17,Dal Dhokli,Main Course,true,1,179,179,,0,2024-02-28 19:00:00,2024-02-28 19:00:00
OI067,ORD034,M001,1,Dal Makhani,Main Course,true,1,249,249,,0,2024-03-02 12:00:00,2024-03-02 12:00:00
OI068,ORD034,M004,1,Masala Papad,Starters,true,1,79,79,,0,2024-03-02 12:00:00,2024-03-02 12:00:00
OI069,ORD035,M032,10,Butter Chicken,Main Course,false,1,349,349,,0,2024-03-05 20:30:00,2024-03-05 20:30:00
OI070,ORD035,M035,10,Seekh Kebab (4 pcs),Starters,false,1,299,299,,0,2024-03-05 20:30:00,2024-03-05 20:30:00
OI071,ORD036,M029,9,Chicken Biryani,Biryani,false,2,229,458,,0,2024-01-09 14:00:00,2024-01-09 14:00:00
OI072,ORD037,M032,10,Butter Chicken,Main Course,false,1,349,349,,0,2024-01-15 21:00:00,2024-01-15 21:00:00
OI073,ORD038,M022,7,Chicken McGrill Burger,Burgers,false,1,169,169,,0,2024-02-02 13:00:00,2024-02-02 13:00:00
OI074,ORD038,M021,7,McAloo Tikki Burger,Burgers,true,1,79,79,,0,2024-02-02 13:00:00,2024-02-02 13:00:00
OI075,ORD039,M018,6,Veggie Paradise Pizza,Pizza,true,1,219,219,,0,2024-02-06 21:30:00,2024-02-06 21:30:00
OI076,ORD040,M016,5,Zinger Burger,Burgers,false,1,179,179,,0,2024-02-09 12:00:00,2024-02-09 12:00:00
OI077,ORD040,M017,5,Crispy Strips (5 pcs),Strips,false,1,229,229,,0,2024-02-09 12:00:00,2024-02-09 12:00:00
OI078,ORD041,M032,10,Butter Chicken,Main Course,false,1,349,349,,0,2024-02-20 20:00:00,2024-02-20 20:00:00
OI079,ORD041,M033,10,Dal Bukhara,Main Course,true,1,279,279,,0,2024-02-20 20:00:00,2024-02-20 20:00:00
OI080,ORD042,M053,16,Chicken Biryani,Biryani,false,1,248,248,,0,2024-03-01 19:00:00,2024-03-01 19:00:00
OI081,ORD043,M018,6,Veggie Paradise Pizza,Pizza,true,1,219,219,,0,2024-01-20 19:30:00,2024-01-20 19:30:00
OI082,ORD043,M019,6,Chicken Dominator Pizza,Pizza,false,1,329,329,,0,2024-01-20 19:30:00,2024-01-20 19:30:00
OI083,ORD044,M027,8,Idli Sambar (3 pcs),Breakfast,true,2,79,158,,0,2024-01-30 13:00:00,2024-01-30 13:00:00
OI084,ORD044,M028,8,Filter Coffee,Beverages,true,1,49,49,,0,2024-01-30 13:00:00,2024-01-30 13:00:00
OI085,ORD045,M029,9,Chicken Biryani,Biryani,false,2,229,458,,0,2024-02-12 21:00:00,2024-02-12 21:00:00
OI086,ORD046,M008,3,Hyderabadi Chicken Biryani,Biryani,false,1,249,249,,0,2024-02-25 20:00:00,2024-02-25 20:00:00
OI087,ORD046,M011,3,Raita,Accompaniments,true,1,49,49,,0,2024-02-25 20:00:00,2024-02-25 20:00:00
OI088,ORD047,M046,14,Veg Fried Rice,Rice,true,1,249,249,,0,2024-03-28 19:00:00,2024-03-28 19:00:00
OI089,ORD047,M047,14,Dragon Chicken,Main Course,false,1,349,349,,0,2024-03-28 19:00:00,2024-03-28 19:00:00
OI090,ORD048,M007,2,BBQ Combo for Two,Combos,false,1,1299,1299,,0,2024-03-28 20:00:00,2024-03-28 20:00:00
OI091,ORD049,M008,3,Hyderabadi Chicken Biryani,Biryani,false,1,249,249,,0,2024-03-28 20:30:00,2024-03-28 20:30:00
OI092,ORD049,M009,3,Mutton Biryani,Biryani,false,1,299,299,,0,2024-03-28 20:30:00,2024-03-28 20:30:00
OI093,ORD050,M052,16,Mutton Biryani,Biryani,false,1,349,349,,0,2024-03-28 21:00:00,2024-03-28 21:00:00

OI095,ORD052,M001,1,Dal Makhani,Main Course,true,1,249,249,,0,2024-03-01 12:00:00,2024-03-01 12:00:00
OI096,ORD052,M002,1,Paneer Butter Masala,Main Course,true,1,279,279,,0,2024-03-01 12:00:00,2024-03-01 12:00:00
OI097,ORD053,M018,6,Veggie Paradise Pizza,Pizza,true,1,219,219,,0,2024-03-01 19:00:00,2024-03-01 19:00:00
OI098,ORD053,M019,6,Chicken Dominator Pizza,Pizza,false,1,329,329,,0,2024-03-01 19:00:00,2024-03-01 19:00:00
OI099,ORD054,M049,15,Chocolate Truffle Cake (1 slice),Cakes,true,1,199,199,,0,2024-03-02 16:00:00,2024-03-02 16:00:00
OI100,ORD054,M050,15,Walnut Brownie,Brownies,true,1,149,149,,0,2024-03-02 16:00:00,2024-03-02 16:00:00
OI101,ORD055,M027,8,Idli Sambar (3 pcs),Breakfast,true,2,79,158,,0,2024-03-02 09:00:00,2024-03-02 09:00:00
OI102,ORD055,M028,8,Filter Coffee,Beverages,true,1,49,49,,0,2024-03-02 09:00:00,2024-03-02 09:00:00
OI103,ORD056,M001,1,Dal Makhani,Main Course,true,1,249,249,,0,2024-03-03 12:15:00,2024-03-03 12:15:00
OI104,ORD056,M002,1,Paneer Butter Masala,Main Course,true,1,279,279,,0,2024-03-03 12:15:00,2024-03-03 12:15:00
OI105,ORD057,M018,6,Veggie Paradise Pizza,Pizza,true,1,219,219,,0,2024-03-03 19:10:00,2024-03-03 19:10:00
OI106,ORD057,M019,6,Chicken Dominator Pizza,Pizza,false,1,329,329,,0,2024-03-03 19:10:00,2024-03-03 19:10:00
OI107,ORD058,M049,15,Chocolate Truffle Cake (1 slice),Cakes,true,1,199,199,,0,2024-03-04 16:10:00,2024-03-04 16:10:00
OI108,ORD058,M050,15,Walnut Brownie,Brownies,true,1,149,149,,0,2024-03-04 16:10:00,2024-03-04 16:10:00
OI109,ORD059,M027,8,Idli Sambar (3 pcs),Breakfast,true,2,79,158,,0,2024-03-04 09:15:00,2024-03-04 09:15:00
OI110,ORD059,M028,8,Filter Coffee,Beverages,true,1,49,49,,0,2024-03-04 09:15:00,2024-03-04 09:15:00
OI111,ORD060,M001,1,Dal Makhani,Main Course,true,1,249,249,,0,2024-03-05 12:20:00,2024-03-05 12:20:00
OI112,ORD060,M002,1,Paneer Butter Masala,Main Course,true,1,279,279,,0,2024-03-05 12:20:00,2024-03-05 12:20:00
OI113,ORD061,M018,6,Veggie Paradise Pizza,Pizza,true,1,219,219,,0,2024-03-05 19:20:00,2024-03-05 19:20:00
OI114,ORD061,M019,6,Chicken Dominator Pizza,Pizza,false,1,329,329,,0,2024-03-05 19:20:00,2024-03-05 19:20:00
OI115,ORD062,M049,15,Chocolate Truffle Cake (1 slice),Cakes,true,1,199,199,,0,2024-03-06 16:20:00,2024-03-06 16:20:00
OI116,ORD062,M050,15,Walnut Brownie,Brownies,true,1,149,149,,0,2024-03-06 16:20:00,2024-03-06 16:20:00
OI117,ORD063,M027,8,Idli Sambar (3 pcs),Breakfast,true,2,79,158,,0,2024-03-06 09:20:00,2024-03-06 09:20:00
OI118,ORD063,M028,8,Filter Coffee,Beverages,true,1,49,49,,0,2024-03-06 09:20:00,2024-03-06 09:20:00
OI119,ORD064,M001,1,Dal Makhani,Main Course,true,1,249,249,,0,2024-03-07 12:25:00,2024-03-07 12:25:00
OI120,ORD064,M002,1,Paneer Butter Masala,Main Course,true,1,279,279,,0,2024-03-07 12:25:00,2024-03-07 12:25:00
OI121,ORD065,M018,6,Veggie Paradise Pizza,Pizza,true,1,219,219,,0,2024-03-07 19:25:00,2024-03-07 19:25:00
OI122,ORD065,M019,6,Chicken Dominator Pizza,Pizza,false,1,329,329,,0,2024-03-07 19:25:00,2024-03-07 19:25:00
OI123,ORD066,M049,15,Chocolate Truffle Cake (1 slice),Cakes,true,1,199,199,,0,2024-03-08 16:25:00,2024-03-08 16:25:00
OI124,ORD066,M050,15,Walnut Brownie,Brownies,true,1,149,149,,0,2024-03-08 16:25:00,2024-03-08 16:25:00
OI125,ORD067,M027,8,Idli Sambar (3 pcs),Breakfast,true,2,79,158,,0,2024-03-08 09:25:00,2024-03-08 09:25:00
OI126,ORD067,M028,8,Filter Coffee,Beverages,true,1,49,49,,0,2024-03-08 09:25:00,2024-03-08 09:25:00
OI127,ORD068,M001,1,Dal Makhani,Main Course,true,1,249,249,,0,2024-03-09 12:30:00,2024-03-09 12:30:00
OI128,ORD068,M002,1,Paneer Butter Masala,Main Course,true,1,279,279,,0,2024-03-09 12:30:00,2024-03-09 12:30:00
OI129,ORD069,M018,6,Veggie Paradise Pizza,Pizza,true,1,219,219,,0,2024-03-09 19:30:00,2024-03-09 19:30:00
OI130,ORD069,M019,6,Chicken Dominator Pizza,Pizza,false,1,329,329,,0,2024-03-09 19:30:00,2024-03-09 19:30:00
OI131,ORD070,M049,15,Chocolate Truffle Cake (1 slice),Cakes,true,1,199,199,,0,2024-03-10 16:30:00,2024-03-10 16:30:00
OI132,ORD070,M050,15,Walnut Brownie,Brownies,true,1,149,149,,0,2024-03-10 16:30:00,2024-03-10 16:30:00
OI133,ORD071,M027,8,Idli Sambar (3 pcs),Breakfast,true,2,79,158,,0,2024-03-10 09:30:00,2024-03-10 09:30:00
OI134,ORD071,M028,8,Filter Coffee,Beverages,true,1,49,49,,0,2024-03-10 09:30:00,2024-03-10 09:30:00
OI135,ORD072,M001,1,Dal Makhani,Main Course,true,1,249,249,,0,2024-03-11 12:00:00,2024-03-11 12:00:00
OI136,ORD072,M002,1,Paneer Butter Masala,Main Course,true,1,279,279,,0,2024-03-11 12:00:00,2024-03-11 12:00:00
OI137,ORD073,M018,6,Veggie Paradise Pizza,Pizza,true,1,219,219,,0,2024-03-11 19:00:00,2024-03-11 19:00:00
OI138,ORD073,M019,6,Chicken Dominator Pizza,Pizza,false,1,329,329,,0,2024-03-11 19:00:00,2024-03-11 19:00:00
OI139,ORD074,M049,15,Chocolate Truffle Cake (1 slice),Cakes,true,1,199,199,,0,2024-03-12 16:00:00,2024-03-12 16:00:00
OI140,ORD074,M050,15,Walnut Brownie,Brownies,true,1,149,149,,0,2024-03-12 16:00:00,2024-03-12 16:00:00
OI141,ORD075,M027,8,Idli Sambar (3 pcs),Breakfast,true,2,79,158,,0,2024-03-12 09:00:00,2024-03-12 09:00:00
OI142,ORD075,M028,8,Filter Coffee,Beverages,true,1,49,49,,0,2024-03-12 09:00:00,2024-03-12 09:00:00
OI143,ORD076,M001,1,Dal Makhani,Main Course,true,1,249,249,,0,2024-03-13 12:15:00,2024-03-13 12:15:00
OI144,ORD076,M002,1,Paneer Butter Masala,Main Course,true,1,279,279,,0,2024-03-13 12:15:00,2024-03-13 12:15:00
OI145,ORD077,M018,6,Veggie Paradise Pizza,Pizza,true,1,219,219,,0,2024-03-13 19:10:00,2024-03-13 19:10:00
OI146,ORD077,M019,6,Chicken Dominator Pizza,Pizza,false,1,329,329,,0,2024-03-13 19:10:00,2024-03-13 19:10:00
OI147,ORD078,M049,15,Chocolate Truffle Cake (1 slice),Cakes,true,1,199,199,,0,2024-03-14 16:10:00,2024-03-14 16:10:00
OI148,ORD078,M050,15,Walnut Brownie,Brownies,true,1,149,149,,0,2024-03-14 16:10:00,2024-03-14 16:10:00
OI149,ORD079,M027,8,Idli Sambar (3 pcs),Breakfast,true,2,79,158,,0,2024-03-14 09:15:00,2024-03-14 09:15:00
OI150,ORD079,M028,8,Filter Coffee,Beverages,true,1,49,49,,0,2024-03-14 09:15:00,2024-03-14 09:15:00
OI151,ORD080,M001,1,Dal Makhani,Main Course,true,1,249,249,,0,2024-03-15 12:20:00,2024-03-15 12:20:00
OI152,ORD080,M002,1,Paneer Butter Masala,Main Course,true,1,279,279,,0,2024-03-15 12:20:00,2024-03-15 12:20:00
OI153,ORD081,M018,6,Veggie Paradise Pizza,Pizza,true,1,219,219,,0,2024-03-15 19:20:00,2024-03-15 19:20:00
OI154,ORD081,M019,6,Chicken Dominator Pizza,Pizza,false,1,329,329,,0,2024-03-15 19:20:00,2024-03-15 19:20:00
OI155,ORD082,M049,15,Chocolate Truffle Cake (1 slice),Cakes,true,1,199,199,,0,2024-03-16 16:20:00,2024-03-16 16:20:00
OI156,ORD082,M050,15,Walnut Brownie,Brownies,true,1,149,149,,0,2024-03-16 16:20:00,2024-03-16 16:20:00
OI157,ORD083,M027,8,Idli Sambar (3 pcs),Breakfast,true,2,79,158,,0,2024-03-16 09:20:00,2024-03-16 09:20:00
OI158,ORD083,M028,8,Filter Coffee,Beverages,true,1,49,49,,0,2024-03-16 09:20:00,2024-03-16 09:20:00
OI159,ORD084,M001,1,Dal Makhani,Main Course,true,1,249,249,,0,2024-03-17 12:25:00,2024-03-17 12:25:00
OI160,ORD084,M002,1,Paneer Butter Masala,Main Course,true,1,279,279,,0,2024-03-17 12:25:00,2024-03-17 12:25:00
OI161,ORD085,M018,6,Veggie Paradise Pizza,Pizza,true,1,219,219,,0,2024-03-17 19:25:00,2024-03-17 19:25:00
OI162,ORD085,M019,6,Chicken Dominator Pizza,Pizza,false,1,329,329,,0,2024-03-17 19:25:00,2024-03-17 19:25:00
OI163,ORD086,M049,15,Chocolate Truffle Cake (1 slice),Cakes,true,1,199,199,,0,2024-03-18 16:25:00,2024-03-18 16:25:00
OI164,ORD086,M050,15,Walnut Brownie,Brownies,true,1,149,149,,0,2024-03-18 16:25:00,2024-03-18 16:25:00
OI165,ORD087,M027,8,Idli Sambar (3 pcs),Breakfast,true,2,79,158,,0,2024-03-18 09:25:00,2024-03-18 09:25:00
OI166,ORD087,M028,8,Filter Coffee,Beverages,true,1,49,49,,0,2024-03-18 09:25:00,2024-03-18 09:25:00
OI167,ORD088,M001,1,Dal Makhani,Main Course,true,1,249,249,,0,2024-03-19 12:30:00,2024-03-19 12:30:00
OI168,ORD088,M002,1,Paneer Butter Masala,Main Course,true,1,279,279,,0,2024-03-19 12:30:00,2024-03-19 12:30:00
OI169,ORD089,M018,6,Veggie Paradise Pizza,Pizza,true,1,219,219,,0,2024-03-19 19:30:00,2024-03-19 19:30:00
OI170,ORD089,M019,6,Chicken Dominator Pizza,Pizza,false,1,329,329,,0,2024-03-19 19:30:00,2024-03-19 19:30:00
OI171,ORD090,M049,15,Chocolate Truffle Cake (1 slice),Cakes,true,1,199,199,,0,2024-03-20 16:30:00,2024-03-20 16:30:00
OI172,ORD090,M050,15,Walnut Brownie,Brownies,true,1,149,149,,0,2024-03-20 16:30:00,2024-03-20 16:30:00
OI173,ORD091,M027,8,Idli Sambar (3 pcs),Breakfast,true,2,79,158,,0,2024-03-20 09:30:00,2024-03-20 09:30:00
OI174,ORD091,M028,8,Filter Coffee,Beverages,true,1,49,49,,0,2024-03-20 09:30:00,2024-03-20 09:30:00

OI175,ORD092,M001,1,Dal Makhani,Main Course,true,1,249,249,,0,2024-03-21 12:00:00,2024-03-21 12:00:00
OI176,ORD092,M002,1,Paneer Butter Masala,Main Course,true,1,279,279,,0,2024-03-21 12:00:00,2024-03-21 12:00:00
OI177,ORD093,M018,6,Veggie Paradise Pizza,Pizza,true,1,219,219,,0,2024-03-21 19:00:00,2024-03-21 19:00:00
OI178,ORD093,M019,6,Chicken Dominator Pizza,Pizza,false,1,329,329,,0,2024-03-21 19:00:00,2024-03-21 19:00:00
OI179,ORD094,M049,15,Chocolate Truffle Cake (1 slice),Cakes,true,1,199,199,,0,2024-03-22 16:00:00,2024-03-22 16:00:00
OI180,ORD094,M050,15,Walnut Brownie,Brownies,true,1,149,149,,0,2024-03-22 16:00:00,2024-03-22 16:00:00
OI181,ORD095,M027,8,Idli Sambar (3 pcs),Breakfast,true,2,79,158,,0,2024-03-22 09:00:00,2024-03-22 09:00:00
OI182,ORD095,M028,8,Filter Coffee,Beverages,true,1,49,49,,0,2024-03-22 09:00:00,2024-03-22 09:00:00
OI183,ORD096,M001,1,Dal Makhani,Main Course,true,1,249,249,,0,2024-03-23 12:15:00,2024-03-23 12:15:00
OI184,ORD096,M002,1,Paneer Butter Masala,Main Course,true,1,279,279,,0,2024-03-23 12:15:00,2024-03-23 12:15:00
OI185,ORD097,M018,6,Veggie Paradise Pizza,Pizza,true,1,219,219,,0,2024-03-23 19:10:00,2024-03-23 19:10:00
OI186,ORD097,M019,6,Chicken Dominator Pizza,Pizza,false,1,329,329,,0,2024-03-23 19:10:00,2024-03-23 19:10:00
OI187,ORD098,M049,15,Chocolate Truffle Cake (1 slice),Cakes,true,1,199,199,,0,2024-03-24 16:10:00,2024-03-24 16:10:00
OI188,ORD098,M050,15,Walnut Brownie,Brownies,true,1,149,149,,0,2024-03-24 16:10:00,2024-03-24 16:10:00
OI189,ORD099,M027,8,Idli Sambar (3 pcs),Breakfast,true,2,79,158,,0,2024-03-24 09:15:00,2024-03-24 09:15:00
OI190,ORD099,M028,8,Filter Coffee,Beverages,true,1,49,49,,0,2024-03-24 09:15:00,2024-03-24 09:15:00
OI191,ORD100,M001,1,Dal Makhani,Main Course,true,1,249,249,,0,2024-03-25 12:20:00,2024-03-25 12:20:00
OI192,ORD100,M002,1,Paneer Butter Masala,Main Course,true,1,279,279,,0,2024-03-25 12:20:00,2024-03-25 12:20:00
OI193,ORD101,M018,6,Veggie Paradise Pizza,Pizza,true,1,219,219,,0,2024-03-25 19:20:00,2024-03-25 19:20:00
OI194,ORD101,M019,6,Chicken Dominator Pizza,Pizza,false,1,329,329,,0,2024-03-25 19:20:00,2024-03-25 19:20:00
OI195,ORD102,M049,15,Chocolate Truffle Cake (1 slice),Cakes,true,1,199,199,,0,2024-03-26 16:20:00,2024-03-26 16:20:00
OI196,ORD102,M050,15,Walnut Brownie,Brownies,true,1,149,149,,0,2024-03-26 16:20:00,2024-03-26 16:20:00
OI197,ORD103,M027,8,Idli Sambar (3 pcs),Breakfast,true,2,79,158,,0,2024-03-26 09:20:00,2024-03-26 09:20:00
OI198,ORD103,M028,8,Filter Coffee,Beverages,true,1,49,49,,0,2024-03-26 09:20:00,2024-03-26 09:20:00
OI199,ORD104,M001,1,Dal Makhani,Main Course,true,1,249,249,,0,2024-03-27 12:25:00,2024-03-27 12:25:00
OI200,ORD104,M002,1,Paneer Butter Masala,Main Course,true,1,279,279,,0,2024-03-27 12:25:00,2024-03-27 12:25:00
OI201,ORD105,M018,6,Veggie Paradise Pizza,Pizza,true,1,219,219,,0,2024-03-27 19:25:00,2024-03-27 19:25:00
OI202,ORD105,M019,6,Chicken Dominator Pizza,Pizza,false,1,329,329,,0,2024-03-27 19:25:00,2024-03-27 19:25:00
OI203,ORD106,M049,15,Chocolate Truffle Cake (1 slice),Cakes,true,1,199,199,,0,2024-03-28 16:25:00,2024-03-28 16:25:00
OI204,ORD106,M050,15,Walnut Brownie,Brownies,true,1,149,149,,0,2024-03-28 16:25:00,2024-03-28 16:25:00
OI205,ORD107,M027,8,Idli Sambar (3 pcs),Breakfast,true,2,79,158,,0,2024-03-28 09:25:00,2024-03-28 09:25:00
OI206,ORD107,M028,8,Filter Coffee,Beverages,true,1,49,49,,0,2024-03-28 09:25:00,2024-03-28 09:25:00
OI207,ORD108,M001,1,Dal Makhani,Main Course,true,1,249,249,,0,2024-03-29 12:30:00,2024-03-29 12:30:00
OI208,ORD108,M002,1,Paneer Butter Masala,Main Course,true,1,279,279,,0,2024-03-29 12:30:00,2024-03-29 12:30:00
OI209,ORD109,M018,6,Veggie Paradise Pizza,Pizza,true,1,219,219,,0,2024-03-29 19:30:00,2024-03-29 19:30:00
OI210,ORD109,M019,6,Chicken Dominator Pizza,Pizza,false,1,329,329,,0,2024-03-29 19:30:00,2024-03-29 19:30:00
OI211,ORD110,M049,15,Chocolate Truffle Cake (1 slice),Cakes,true,1,199,199,,0,2024-03-30 16:30:00,2024-03-30 16:30:00
OI212,ORD110,M050,15,Walnut Brownie,Brownies,true,1,149,149,,0,2024-03-30 16:30:00,2024-03-30 16:30:00
OI213,ORD111,M027,8,Idli Sambar (3 pcs),Breakfast,true,2,79,158,,0,2024-03-30 09:30:00,2024-03-30 09:30:00
OI214,ORD111,M028,8,Filter Coffee,Beverages,true,1,49,49,,0,2024-03-30 09:30:00,2024-03-30 09:30:00
OI215,ORD112,M001,1,Dal Makhani,Main Course,true,1,249,249,,0,2024-03-31 12:00:00,2024-03-31 12:00:00
OI216,ORD112,M002,1,Paneer Butter Masala,Main Course,true,1,279,279,,0,2024-03-31 12:00:00,2024-03-31 12:00:00
OI217,ORD113,M018,6,Veggie Paradise Pizza,Pizza,true,1,219,219,,0,2024-03-31 19:00:00,2024-03-31 19:00:00
OI218,ORD113,M019,6,Chicken Dominator Pizza,Pizza,false,1,329,329,,0,2024-03-31 19:00:00,2024-03-31 19:00:00
OI219,ORD114,M049,15,Chocolate Truffle Cake (1 slice),Cakes,true,1,199,199,,0,2024-04-01 16:00:00,2024-04-01 16:00:00
OI220,ORD114,M050,15,Walnut Brownie,Brownies,true,1,149,149,,0,2024-04-01 16:00:00,2024-04-01 16:00:00
OI221,ORD115,M027,8,Idli Sambar (3 pcs),Breakfast,true,2,79,158,,0,2024-04-01 09:00:00,2024-04-01 09:00:00
OI222,ORD115,M028,8,Filter Coffee,Beverages,true,1,49,49,,0,2024-04-01 09:00:00,2024-04-01 09:00:00
OI223,ORD116,M001,1,Dal Makhani,Main Course,true,1,249,249,,0,2024-04-02 12:15:00,2024-04-02 12:15:00
OI224,ORD116,M002,1,Paneer Butter Masala,Main Course,true,1,279,279,,0,2024-04-02 12:15:00,2024-04-02 12:15:00
OI225,ORD117,M018,6,Veggie Paradise Pizza,Pizza,true,1,219,219,,0,2024-04-02 19:10:00,2024-04-02 19:10:00
OI226,ORD117,M019,6,Chicken Dominator Pizza,Pizza,false,1,329,329,,0,2024-04-02 19:10:00,2024-04-02 19:10:00
OI227,ORD118,M049,15,Chocolate Truffle Cake (1 slice),Cakes,true,1,199,199,,0,2024-04-03 16:10:00,2024-04-03 16:10:00
OI228,ORD118,M050,15,Walnut Brownie,Brownies,true,1,149,149,,0,2024-04-03 16:10:00,2024-04-03 16:10:00
OI229,ORD119,M027,8,Idli Sambar (3 pcs),Breakfast,true,2,79,158,,0,2024-04-03 09:15:00,2024-04-03 09:15:00
OI230,ORD119,M028,8,Filter Coffee,Beverages,true,1,49,49,,0,2024-04-03 09:15:00,2024-04-03 09:15:00
OI231,ORD120,M001,1,Dal Makhani,Main Course,true,1,249,249,,0,2024-04-04 12:20:00,2024-04-04 12:20:00
OI232,ORD120,M002,1,Paneer Butter Masala,Main Course,true,1,279,279,,0,2024-04-04 12:20:00,2024-04-04 12:20:00
OI233,ORD121,M018,6,Veggie Paradise Pizza,Pizza,true,1,219,219,,0,2024-04-04 19:20:00,2024-04-04 19:20:00
OI234,ORD121,M019,6,Chicken Dominator Pizza,Pizza,false,1,329,329,,0,2024-04-04 19:20:00,2024-04-04 19:20:00
OI235,ORD122,M049,15,Chocolate Truffle Cake (1 slice),Cakes,true,1,199,199,,0,2024-04-05 16:20:00,2024-04-05 16:20:00
OI236,ORD122,M050,15,Walnut Brownie,Brownies,true,1,149,149,,0,2024-04-05 16:20:00,2024-04-05 16:20:00
OI237,ORD123,M027,8,Idli Sambar (3 pcs),Breakfast,true,2,79,158,,0,2024-04-05 09:20:00,2024-04-05 09:20:00
OI238,ORD123,M028,8,Filter Coffee,Beverages,true,1,49,49,,0,2024-04-05 09:20:00,2024-04-05 09:20:00
OI239,ORD124,M001,1,Dal Makhani,Main Course,true,1,249,249,,0,2024-04-06 12:25:00,2024-04-06 12:25:00
OI240,ORD124,M002,1,Paneer Butter Masala,Main Course,true,1,279,279,,0,2024-04-06 12:25:00,2024-04-06 12:25:00
OI241,ORD125,M018,6,Veggie Paradise Pizza,Pizza,true,1,219,219,,0,2024-04-06 19:25:00,2024-04-06 19:25:00
OI242,ORD125,M019,6,Chicken Dominator Pizza,Pizza,false,1,329,329,,0,2024-04-06 19:25:00,2024-04-06 19:25:00
OI243,ORD126,M049,15,Chocolate Truffle Cake (1 slice),Cakes,true,1,199,199,,0,2024-04-07 16:25:00,2024-04-07 16:25:00
OI244,ORD126,M050,15,Walnut Brownie,Brownies,true,1,149,149,,0,2024-04-07 16:25:00,2024-04-07 16:25:00
OI245,ORD127,M027,8,Idli Sambar (3 pcs),Breakfast,true,2,79,158,,0,2024-04-07 09:25:00,2024-04-07 09:25:00
OI246,ORD127,M028,8,Filter Coffee,Beverages,true,1,49,49,,0,2024-04-07 09:25:00,2024-04-07 09:25:00
OI247,ORD128,M001,1,Dal Makhani,Main Course,true,1,249,249,,0,2024-04-08 12:30:00,2024-04-08 12:30:00
OI248,ORD128,M002,1,Paneer Butter Masala,Main Course,true,1,279,279,,0,2024-04-08 12:30:00,2024-04-08 12:30:00
OI249,ORD129,M018,6,Veggie Paradise Pizza,Pizza,true,1,219,219,,0,2024-04-08 19:30:00,2024-04-08 19:30:00
OI250,ORD129,M019,6,Chicken Dominator Pizza,Pizza,false,1,329,329,,0,2024-04-08 19:30:00,2024-04-08 19:30:00
OI251,ORD130,M049,15,Chocolate Truffle Cake (1 slice),Cakes,true,1,199,199,,0,2024-04-09 16:30:00,2024-04-09 16:30:00
OI252,ORD130,M050,15,Walnut Brownie,Brownies,true,1,149,149,,0,2024-04-09 16:30:00,2024-04-09 16:30:00
OI253,ORD131,M027,8,Idli Sambar (3 pcs),Breakfast,true,2,79,158,,0,2024-04-09 09:30:00,2024-04-09 09:30:00
OI254,ORD131,M028,8,Filter Coffee,Beverages,true,1,49,49,,0,2024-04-09 09:30:00,2024-04-09 09:30:00
