payment_id,order_id,payment_method_id,payment_status,payment_method,payment_gateway,gateway_transaction_id,payment_amount,gateway_fee,paid_at,settlement_date,_loaded_at
PAY001,ORD001,PM002,success,upi,razorpay,rzp_txn_1001,589,7.07,2024-01-05 12:32:00,2024-01-06,2024-01-05 12:33:00
PAY002,ORD002,PM001,success,credit_card,razorpay,rzp_txn_1002,1369,20.54,2024-01-06 19:17:00,2024-01-08,2024-01-06 19:18:00
PAY003,ORD003,PM002,success,upi,razorpay,rzp_txn_1003,449,5.39,2024-01-07 13:02:00,2024-01-08,2024-01-07 13:03:00
PAY004,ORD004,PM002,success,upi,razorpay,rzp_txn_1004,453,5.44,2024-01-08 20:32:00,2024-01-09,2024-01-08 20:33:00
PAY005,ORD005,PM003,success,debit_card,razorpay,rzp_txn_1005,306,3.67,2024-01-10 12:02:00,2024-01-11,2024-01-10 12:03:00
PAY006,ORD006,PM002,success,upi,razorpay,rzp_txn_1006,516,6.19,2024-01-11 19:47:00,2024-01-12,2024-01-11 19:48:00
PAY007,ORD007,PM005,success,cash_on_delivery,razorpay,rzp_txn_1007,317,0,2024-01-12 14:08:00,2024-01-12,2024-01-12 14:09:00
PAY008,ORD008,PM002,success,upi,razorpay,rzp_txn_1008,115,1.38,2024-01-13 09:32:00,2024-01-14,2024-01-13 09:33:00
PAY009,ORD009,PM001,success,credit_card,razorpay,rzp_txn_1009,395,5.93,2024-01-14 16:02:00,2024-01-16,2024-01-14 16:03:00
PAY010,ORD010,PM002,success,upi,razorpay,rzp_txn_1010,610,7.32,2024-01-15 20:02:00,2024-01-16,2024-01-15 20:03:00
PAY011,ORD011,PM004,success,net_banking,razorpay,rzp_txn_1011,663,7.96,2024-01-16 19:02:00,2024-01-18,2024-01-16 19:03:00
PAY012,ORD012,PM002,success,upi,razorpay,rzp_txn_1012,317,3.80,2024-01-17 13:02:00,2024-01-18,2024-01-17 13:03:00
PAY013,ORD013,PM002,success,upi,razorpay,rzp_txn_1013,613,7.36,2024-01-25 21:02:00,2024-01-26,2024-01-25 21:03:00
PAY014,ORD014,PM005,success,cash_on_delivery,razorpay,rzp_txn_1014,349,0,2024-01-26 13:31:00,2024-01-26,2024-01-26 13:32:00
PAY015,ORD015,PM001,success,credit_card,razorpay,rzp_txn_1015,663,9.95,2024-01-27 20:32:00,2024-01-29,2024-01-27 20:33:00
PAY016,ORD016,PM002,success,upi,razorpay,rzp_txn_1016,161,1.93,2024-01-28 16:02:00,2024-01-29,2024-01-28 16:03:00
PAY017,ORD017,PM003,success,debit_card,razorpay,rzp_txn_1017,673,8.08,2024-01-29 13:02:00,2024-01-30,2024-01-29 13:03:00
PAY018,ORD018,PM002,success,upi,razorpay,rzp_txn_1018,484,5.81,2024-01-30 19:32:00,2024-01-31,2024-01-30 19:33:00
PAY019,ORD019,PM006,success,wallet,razorpay,rzp_txn_1019,661,7.93,2024-02-01 20:02:00,2024-02-02,2024-02-01 20:03:00
PAY020,ORD020,PM001,success,credit_card,razorpay,rzp_txn_1020,1368,20.52,2024-02-03 19:02:00,2024-02-05,2024-02-03 19:03:00
PAY021,ORD021,PM002,success,upi,razorpay,rzp_txn_1021,483,5.80,2024-02-04 12:32:00,2024-02-05,2024-02-04 12:33:00
PAY022,ORD022,PM002,success,upi,razorpay,rzp_txn_1022,463,5.56,2024-02-05 20:17:00,2024-02-06,2024-02-05 20:18:00
PAY023,ORD023,PM002,success,upi,razorpay,rzp_txn_1023,297,3.56,2024-02-07 13:02:00,2024-02-08,2024-02-07 13:03:00
PAY024,ORD024,PM005,success,cash_on_delivery,razorpay,rzp_txn_1024,663,0,2024-02-08 21:41:00,2024-02-08,2024-02-08 21:42:00
PAY025,ORD025,PM003,success,debit_card,razorpay,rzp_txn_1025,610,7.32,2024-02-10 19:02:00,2024-02-11,2024-02-10 19:03:00
PAY026,ORD026,PM002,success,upi,razorpay,rzp_txn_1026,286,3.43,2024-02-11 15:32:00,2024-02-12,2024-02-11 15:33:00
PAY027,ORD027,PM002,success,upi,razorpay,rzp_txn_1027,269,3.23,2024-02-14 13:02:00,2024-02-15,2024-02-14 13:03:00
PAY028,ORD028,PM006,success,wallet,razorpay,rzp_txn_1028,344,4.13,2024-02-15 17:02:00,2024-02-16,2024-02-15 17:03:00
PAY029,ORD029,PM001,success,credit_card,razorpay,rzp_txn_1029,661,9.92,2024-02-18 20:02:00,2024-02-20,2024-02-18 20:03:00
PAY030,ORD030,PM002,success,upi,razorpay,rzp_txn_1030,593,7.12,2024-02-18 21:02:00,2024-02-19,2024-02-18 21:03:00
PAY031,ORD031,PM002,success,upi,razorpay,rzp_txn_1031,217,2.60,2024-02-22 19:02:00,2024-02-23,2024-02-22 19:03:00
PAY032,ORD032,PM005,success,cash_on_delivery,razorpay,rzp_txn_1032,443,0,2024-02-25 14:21:00,2024-02-25,2024-02-25 14:22:00
PAY033,ORD033,PM002,success,upi,razorpay,rzp_txn_1033,745,8.94,2024-02-28 19:02:00,2024-02-29,2024-02-28 19:03:00
PAY034,ORD034,PM002,success,upi,razorpay,rzp_txn_1034,328,3.94,2024-03-02 12:02:00,2024-03-03,2024-03-02 12:03:00
PAY035,ORD035,PM004,success,net_banking,razorpay,rzp_txn_1035,694,8.33,2024-03-05 20:32:00,2024-03-07,2024-03-05 20:33:00
PAY036,ORD036,PM002,failed,upi,razorpay,rzp_txn_1036,516,0,,2024-01-09 14:01:00
PAY037,ORD038,PM002,failed,upi,razorpay,rzp_txn_1037,306,0,,2024-02-02 13:01:00
PAY038,ORD040,PM001,failed,credit_card,razorpay,rzp_txn_1038,449,0,,2024-02-09 12:01:00
PAY039,ORD042,PM003,failed,debit_card,razorpay,rzp_txn_1039,295,0,,2024-03-01 19:01:00
PAY040,ORD043,DP05,refunded,upi,razorpay,rzp_txn_1040,610,0,,2024-01-22 09:00:00
PAY041,ORD044,PM005,refunded,cash_on_delivery,razorpay,rzp_txn_1041,213,0,,2024-01-31 10:00:00
PAY042,ORD045,PM002,refunded,upi,razorpay,rzp_txn_1042,516,0,,2024-02-13 08:00:00
PAY043,ORD046,PM002,refunded,upi,razorpay,rzp_txn_1043,349,0,,2024-02-26 09:00:00
PAY044,ORD047,PM001,success,credit_card,razorpay,rzp_txn_1044,610,9.15,2024-03-28 19:02:00,2024-03-30,2024-03-28 19:03:00
PAY045,ORD048,PM002,success,upi,razorpay,rzp_txn_1045,1369,16.43,2024-03-28 20:02:00,2024-03-29,2024-03-28 20:03:00
PAY046,ORD049,PM002,success,upi,razorpay,rzp_txn_1046,453,5.44,2024-03-28 20:32:00,2024-03-29,2024-03-28 20:33:00
PAY047,ORD050,PM005,success,cash_on_delivery,razorpay,rzp_txn_1047,400,0,,2024-03-28 21:02:00

PAY049,ORD052,PM002,success,upi,razorpay,rzp_txn_1049,589,7.07,2024-03-01 12:02:00,2024-03-02,2024-03-01 12:03:00
PAY050,ORD053,PM001,success,credit_card,razorpay,rzp_txn_1050,610,9.15,2024-03-01 19:02:00,2024-03-03,2024-03-01 19:03:00
PAY051,ORD054,PM006,success,wallet,razorpay,rzp_txn_1051,395,5.93,2024-03-02 16:02:00,2024-03-03,2024-03-02 16:03:00
PAY052,ORD055,PM005,success,cash_on_delivery,razorpay,rzp_txn_1052,242,0,2024-03-02 09:46:00,2024-03-02,2024-03-02 09:47:00
PAY053,ORD056,PM002,success,upi,razorpay,rzp_txn_1053,589,7.07,2024-03-03 12:17:00,2024-03-04,2024-03-03 12:18:00
PAY054,ORD057,PM001,success,credit_card,razorpay,rzp_txn_1054,610,9.15,2024-03-03 19:12:00,2024-03-05,2024-03-03 19:13:00
PAY055,ORD058,PM006,success,wallet,razorpay,rzp_txn_1055,395,5.93,2024-03-04 16:12:00,2024-03-05,2024-03-04 16:13:00
PAY056,ORD059,PM005,success,cash_on_delivery,razorpay,rzp_txn_1056,242,0,2024-03-04 10:01:00,2024-03-04,2024-03-04 10:02:00
PAY057,ORD060,PM002,success,upi,razorpay,rzp_txn_1057,589,7.07,2024-03-05 12:22:00,2024-03-06,2024-03-05 12:23:00
PAY058,ORD061,PM001,success,credit_card,razorpay,rzp_txn_1058,610,9.15,2024-03-05 19:22:00,2024-03-07,2024-03-05 19:23:00
PAY059,ORD062,PM006,success,wallet,razorpay,rzp_txn_1059,395,5.93,2024-03-06 16:22:00,2024-03-07,2024-03-06 16:23:00
PAY060,ORD063,PM005,success,cash_on_delivery,razorpay,rzp_txn_1060,242,0,2024-03-06 10:06:00,2024-03-06,2024-03-06 10:07:00
PAY061,ORD064,PM002,success,upi,razorpay,rzp_txn_1061,589,7.07,2024-03-07 12:27:00,2024-03-08,2024-03-07 12:28:00
PAY062,ORD065,PM003,success,debit_card,razorpay,rzp_txn_1062,610,7.32,2024-03-07 19:27:00,2024-03-09,2024-03-07 19:28:00
PAY063,ORD066,PM006,success,wallet,razorpay,rzp_txn_1063,395,5.93,2024-03-08 16:27:00,2024-03-09,2024-03-08 16:28:00
PAY064,ORD067,PM005,success,cash_on_delivery,razorpay,rzp_txn_1064,242,0,2024-03-08 10:11:00,2024-03-08,2024-03-08 10:12:00
PAY065,ORD068,PM002,success,upi,razorpay,rzp_txn_1065,589,7.07,2024-03-09 12:32:00,2024-03-10,2024-03-09 12:33:00
PAY066,ORD069,PM001,success,credit_card,razorpay,rzp_txn_1066,610,9.15,2024-03-09 19:32:00,2024-03-11,2024-03-09 19:33:00
PAY067,ORD070,PM006,success,wallet,razorpay,rzp_txn_1067,395,5.93,2024-03-10 16:32:00,2024-03-11,2024-03-10 16:33:00
PAY068,ORD071,PM005,success,cash_on_delivery,razorpay,rzp_txn_1068,242,0,2024-03-10 10:16:00,2024-03-10,2024-03-10 10:17:00
PAY069,ORD072,PM002,success,upi,razorpay,rzp_txn_1069,589,7.07,2024-03-11 12:02:00,2024-03-12,2024-03-11 12:03:00
PAY070,ORD073,PM001,success,credit_card,razorpay,rzp_txn_1070,610,9.15,2024-03-11 19:02:00,2024-03-13,2024-03-11 19:03:00
PAY071,ORD074,PM006,success,wallet,razorpay,rzp_txn_1071,395,5.93,2024-03-12 16:02:00,2024-03-13,2024-03-12 16:03:00
PAY072,ORD075,PM005,success,cash_on_delivery,razorpay,rzp_txn_1072,242,0,2024-03-12 09:46:00,2024-03-12,2024-03-12 09:47:00
PAY073,ORD076,PM002,success,upi,razorpay,rzp_txn_1073,589,7.07,2024-03-13 12:17:00,2024-03-14,2024-03-13 12:18:00
PAY074,ORD077,PM001,success,credit_card,razorpay,rzp_txn_1074,610,9.15,2024-03-13 19:12:00,2024-03-15,2024-03-13 19:13:00
PAY075,ORD078,PM006,success,wallet,razorpay,rzp_txn_1075,395,5.93,2024-03-14 16:12:00,2024-03-15,2024-03-14 16:13:00
PAY076,ORD079,PM005,success,cash_on_delivery,razorpay,rzp_txn_1076,242,0,2024-03-14 10:01:00,2024-03-14,2024-03-14 10:02:00
PAY077,ORD080,PM002,success,upi,razorpay,rzp_txn_1077,589,7.07,2024-03-15 12:22:00,2024-03-16,2024-03-15 12:23:00
PAY078,ORD081,PM001,success,credit_card,razorpay,rzp_txn_1078,610,9.15,2024-03-15 19:22:00,2024-03-17,2024-03-15 19:23:00
PAY079,ORD082,PM006,success,wallet,razorpay,rzp_txn_1079,395,5.93,2024-03-16 16:22:00,2024-03-17,2024-03-16 16:23:00
PAY080,ORD083,PM005,success,cash_on_delivery,razorpay,rzp_txn_1080,242,0,2024-03-16 10:06:00,2024-03-16,2024-03-16 10:07:00
PAY081,ORD084,PM002,success,upi,razorpay,rzp_txn_1081,589,7.07,2024-03-17 12:27:00,2024-03-18,2024-03-17 12:28:00
PAY082,ORD085,PM003,success,debit_card,razorpay,rzp_txn_1082,610,7.32,2024-03-17 19:27:00,2024-03-19,2024-03-17 19:28:00
PAY083,ORD086,PM006,success,wallet,razorpay,rzp_txn_1083,395,5.93,2024-03-18 16:27:00,2024-03-19,2024-03-18 16:28:00
PAY084,ORD087,PM005,success,cash_on_delivery,razorpay,rzp_txn_1084,242,0,2024-03-18 10:11:00,2024-03-18,2024-03-18 10:12:00
PAY085,ORD088,PM002,success,upi,razorpay,rzp_txn_1085,589,7.07,2024-03-19 12:32:00,2024-03-20,2024-03-19 12:33:00
PAY086,ORD089,PM001,success,credit_card,razorpay,rzp_txn_1086,610,9.15,2024-03-19 19:32:00,2024-03-21,2024-03-19 19:33:00
PAY087,ORD090,PM006,success,wallet,razorpay,rzp_txn_1087,395,5.93,2024-03-20 16:32:00,2024-03-21,2024-03-20 16:33:00
PAY088,ORD091,PM005,success,cash_on_delivery,razorpay,rzp_txn_1088,242,0,2024-03-20 10:16:00,2024-03-20,2024-03-20 10:17:00
