customer_id,customer_name,customer_email,customer_phone,city_id,acquisition_channel,customer_segment,is_active,is_pro_subscriber,created_at,last_login_at,updated_at,_fivetran_synced
C001,Rahul Sharma,rahul.sharma@gmail.com,9812345601,1,organic,premium,true,true,2022-01-15 10:00:00,2024-03-28 19:30:00,2024-03-28 19:30:00,2024-03-28 20:00:00
C002,Priya Patel,priya.patel@gmail.com,9812345602,3,referral,premium,true,true,2022-03-20 11:00:00,2024-03-27 21:00:00,2024-03-27 21:00:00,2024-03-27 22:00:00
C003,Amit Verma,amit.verma@gmail.com,9812345603,2,paid_social,regular,true,false,2022-06-10 09:00:00,2024-03-25 13:00:00,2024-03-25 13:00:00,2024-03-25 14:00:00
C004,Sneha Reddy,sneha.reddy@gmail.com,9812345604,5,organic,regular,true,true,2022-08-05 14:00:00,2024-03-26 20:00:00,2024-03-26 20:00:00,2024-03-26 21:00:00
C005,Raj Kumar,raj.kumar@gmail.com,9812345605,1,referral,regular,true,false,2022-11-20 08:00:00,2024-03-24 12:30:00,2024-03-24 12:30:00,2024-03-24 13:00:00
C006,Anita Singh,anita.singh@gmail.com,9812345606,2,organic,occasional,true,false,2023-02-14 16:00:00,2024-02-28 19:00:00,2024-02-28 19:00:00,2024-02-28 20:00:00
C007,Vikram Nair,vikram.nair@gmail.com,9812345607,4,promo,occasional,true,false,2023-03-01 12:00:00,2024-03-10 20:30:00,2024-03-10 20:30:00,2024-03-10 21:00:00
C008,Deepa Iyer,deepa.iyer@gmail.com,9812345608,4,organic,regular,true,false,2022-09-15 10:30:00,2024-03-22 13:00:00,2024-03-22 13:00:00,2024-03-22 14:00:00
C009,Suresh Gupta,suresh.gupta@gmail.com,9812345609,7,app_store,occasional,true,false,2023-05-10 15:00:00,2024-03-01 18:00:00,2024-03-01 18:00:00,2024-03-01 19:00:00
C010,Meera Joshi,meera.joshi@gmail.com,9812345610,3,referral,premium,true,true,2021-12-01 09:00:00,2024-03-28 22:00:00,2024-03-28 22:00:00,2024-03-28 23:00:00
C011,Arun Kumar,arun.kumar@gmail.com,9812345611,1,paid_social,regular,true,false,2023-01-20 11:00:00,2024-03-23 19:45:00,2024-03-23 19:45:00,2024-03-23 20:00:00
C012,Kavitha Pillai,kavitha.pillai@gmail.com,9812345612,4,organic,regular,true,false,2022-07-08 13:00:00,2024-03-20 20:00:00,2024-03-20 20:00:00,2024-03-20 21:00:00
C013,Rohit Jain,rohit.jain@gmail.com,9812345613,2,referral,premium,true,true,2021-10-05 10:00:00,2024-03-27 21:30:00,2024-03-27 21:30:00,2024-03-27 22:00:00
C014,Sunita Rao,sunita.rao@gmail.com,9812345614,5,organic,occasional,true,false,2023-04-15 14:00:00,2024-02-15 19:00:00,2024-02-15 19:00:00,2024-02-15 20:00:00
C015,Manoj Tiwari,manoj.tiwari@gmail.com,9812345615,7,promo,new,true,false,2024-02-20 16:00:00,2024-03-15 12:00:00,2024-03-15 12:00:00,2024-03-15 13:00:00
C016,Anjali Kapoor,anjali.kapoor@gmail.com,9812345616,1,organic,regular,true,false,2022-12-10 09:30:00,2024-03-26 13:30:00,2024-03-26 13:30:00,2024-03-26 14:00:00
C017,Kiran Mehta,kiran.mehta@gmail.com,9812345617,3,paid_social,occasional,true,false,2023-06-20 15:00:00,2024-03-05 20:00:00,2024-03-05 20:00:00,2024-03-05 21:00:00
C018,Sanjay Yadav,sanjay.yadav@gmail.com,9812345618,2,referral,regular,true,false,2022-10-25 12:00:00,2024-03-25 19:00:00,2024-03-25 19:00:00,2024-03-25 20:00:00
C019,Pooja Sharma,pooja.sharma@gmail.com,9812345619,1,organic,premium,true,true,2021-08-15 08:00:00,2024-03-28 21:00:00,2024-03-28 21:00:00,2024-03-28 22:00:00
C020,Naveen Reddy,naveen.reddy@gmail.com,9812345620,5,app_store,regular,true,false,2023-02-01 14:00:00,2024-03-22 20:00:00,2024-03-22 20:00:00,2024-03-22 21:00:00
C021,Riya Bansal,riya.bansal@gmail.com,9812345621,3,organic,new,true,false,2024-01-10 11:00:00,2024-03-18 19:00:00,2024-03-18 19:00:00,2024-03-18 20:00:00
C022,Ajay Mishra,ajay.mishra@gmail.com,9812345622,2,paid_social,occasional,true,false,2023-07-15 16:00:00,2024-02-20 18:00:00,2024-02-20 18:00:00,2024-02-20 19:00:00
C023,Lalitha Menon,lalitha.menon@gmail.com,9812345623,4,organic,regular,true,false,2022-05-20 10:00:00,2024-03-19 21:00:00,2024-03-19 21:00:00,2024-03-19 22:00:00
C024,Arjun Das,arjun.das@gmail.com,9812345624,6,referral,occasional,true,false,2023-08-10 13:00:00,2024-02-10 20:00:00,2024-02-10 20:00:00,2024-02-10 21:00:00
C025,Nandini Kumar,nandini.kumar@gmail.com,9812345625,3,organic,regular,true,false,2022-04-05 09:00:00,2024-03-21 22:00:00,2024-03-21 22:00:00,2024-03-21 23:00:00
C026,Sumit Bose,sumit.bose@gmail.com,9812345626,6,promo,new,true,false,2024-02-01 15:00:00,2024-03-10 18:30:00,2024-03-10 18:30:00,2024-03-10 19:00:00
C027,Preethi Iyer,preethi.iyer@gmail.com,9812345627,4,organic,regular,true,false,2022-11-10 11:00:00,2024-03-17 20:00:00,2024-03-17 20:00:00,2024-03-17 21:00:00
C028,Vikash Singh,vikash.singh@gmail.com,9812345628,2,app_store,occasional,true,false,2023-09-05 14:00:00,2024-01-25 19:00:00,2024-01-25 19:00:00,2024-01-25 20:00:00
C029,Ananya Roy,ananya.roy@gmail.com,9812345629,6,organic,new,true,false,2024-01-25 16:00:00,2024-03-20 21:00:00,2024-03-20 21:00:00,2024-03-20 22:00:00
C030,Gautam Shah,gautam.shah@gmail.com,9812345630,8,paid_social,regular,true,false,2022-12-20 10:00:00,2024-03-24 13:00:00,2024-03-24 13:00:00,2024-03-24 14:00:00
