ticket_id,customer_id,order_id,assigned_agent_id,ticket_category,ticket_status,priority,resolution_code,csat_score,created_at,first_response_at,resolved_at,updated_at,_airbyte_extracted_at
TKT001,C006,ORD006,AGT003,late_delivery,closed,medium,no_action_needed,3,2024-01-11 22:00:00,2024-01-11 22:04:00,2024-01-11 22:35:00,2024-01-11 22:35:00,2024-01-11 23:00:00
TKT002,C008,ORD008,AGT001,missing_item,resolved,high,refund_issued,4,2024-01-13 11:00:00,2024-01-13 11:03:00,2024-01-13 12:15:00,2024-01-13 12:15:00,2024-01-13 13:00:00
TKT003,C002,ORD043,AGT002,wrong_item,resolved,high,redelivery,2,2024-01-20 21:00:00,2024-01-20 21:02:00,2024-01-20 22:30:00,2024-01-22 09:00:00,2024-01-22 10:00:00
TKT004,C006,ORD037,AGT001,payment_issue,resolved,medium,refund_issued,4,2024-01-15 22:00:00,2024-01-15 22:05:00,2024-01-15 23:00:00,2024-01-15 23:00:00,2024-01-16 00:00:00
TKT005,C016,ORD015,AGT003,late_delivery,closed,low,no_action_needed,4,2024-01-27 22:30:00,2024-01-27 22:35:00,2024-01-27 23:00:00,2024-01-27 23:00:00,2024-01-28 00:00:00
TKT006,C019,ORD018,AGT002,missing_item,resolved,medium,credit_applied,5,2024-01-31 09:00:00,2024-01-31 09:04:00,2024-01-31 10:30:00,2024-01-31 10:30:00,2024-01-31 11:00:00
TKT007,C013,ORD045,AGT001,damaged_food,resolved,high,refund_issued,3,2024-02-12 22:30:00,2024-02-12 22:33:00,2024-02-13 08:30:00,2024-02-13 08:30:00,2024-02-13 09:00:00
TKT008,C022,ORD022,AGT003,late_delivery,closed,low,no_action_needed,3,2024-02-05 22:00:00,2024-02-05 22:06:00,2024-02-05 22:45:00,2024-02-05 22:45:00,2024-02-05 23:00:00
TKT009,C004,ORD004,AGT002,delivery_partner_complaint,resolved,medium,escalated_to_partner,4,2024-01-08 22:00:00,2024-01-08 22:05:00,2024-01-09 10:00:00,2024-01-09 10:00:00,2024-01-09 11:00:00
TKT010,C020,ORD046,AGT001,wrong_item,resolved,high,redelivery,2,2024-02-25 21:30:00,2024-02-25 21:32:00,2024-02-26 09:30:00,2024-02-26 09:30:00,2024-02-26 10:00:00
TKT011,C017,ORD039,AGT002,payment_issue,resolved,medium,refund_issued,5,2024-02-06 22:00:00,2024-02-06 22:04:00,2024-02-06 23:00:00,2024-02-06 23:00:00,2024-02-07 00:00:00
TKT012,C010,ORD020,AGT003,late_delivery,closed,low,no_action_needed,4,2024-02-03 21:00:00,2024-02-03 21:05:00,2024-02-03 21:45:00,2024-02-03 21:45:00,2024-02-03 22:00:00
TKT013,C030,ORD033,AGT001,missing_item,resolved,medium,credit_applied,4,2024-02-28 21:00:00,2024-02-28 21:03:00,2024-02-28 22:00:00,2024-02-28 22:00:00,2024-02-28 23:00:00
TKT014,C011,ORD038,AGT002,payment_issue,resolved,high,refund_issued,4,2024-02-02 14:00:00,2024-02-02 14:04:00,2024-02-02 15:00:00,2024-02-02 15:00:00,2024-02-02 16:00:00
TKT015,C001,,AGT003,account_issue,resolved,low,resolved_by_customer,5,2024-02-10 10:00:00,2024-02-10 10:06:00,2024-02-10 11:30:00,2024-02-10 11:30:00,2024-02-10 12:00:00
