area_id,city_id,area_name,pin_code,_fivetran_synced
A001,1,Bandra West,400050,2024-01-01 00:00:00
A002,1,Andheri East,400069,2024-01-01 00:00:00
A003,1,Powai,400076,2024-01-01 00:00:00
A004,1,Colaba,400005,2024-01-01 00:00:00
A005,1,Juhu,400049,2024-01-01 00:00:00
A006,2,Connaught Place,110001,2024-01-01 00:00:00
A007,2,Saket,110017,2024-01-01 00:00:00
A008,2,Hauz Khas,110016,2024-01-01 00:00:00
A009,2,Lajpat Nagar,110024,2024-01-01 00:00:00
A010,3,Koramangala,560034,2024-01-01 00:00:00
A011,3,Indiranagar,560038,2024-01-01 00:00:00
A012,3,Whitefield,560066,2024-01-01 00:00:00
A013,3,JP Nagar,560078,2024-01-01 00:00:00
A014,4,T Nagar,600017,2024-01-01 00:00:00
A015,4,Anna Nagar,600040,2024-01-01 00:00:00
A016,4,Adyar,600020,2024-01-01 00:00:00
A017,5,Banjara Hills,500034,2024-01-01 00:00:00
A018,5,Jubilee Hills,500033,2024-01-01 00:00:00
A019,5,Gachibowli,500032,2024-01-01 00:00:00
A020,6,Park Street,700016,2024-01-01 00:00:00
A021,6,Salt Lake,700064,2024-01-01 00:00:00
A022,7,Koregaon Park,411001,2024-01-01 00:00:00
A023,7,Viman Nagar,411014,2024-01-01 00:00:00
A024,8,Navrangpura,380009,2024-01-01 00:00:00
A025,8,CG Road,380006,2024-01-01 00:00:00
