menu_item_id,restaurant_id,item_name,item_category,base_price,is_vegetarian,is_available,_fivetran_synced
M001,1,Dal Makhani,Main Course,249,true,true,2024-01-01 00:00:00
M002,1,Paneer Butter Masala,Main Course,279,true,true,2024-01-01 00:00:00
M003,1,Aloo Gobi,Main Course,199,true,true,2024-01-01 00:00:00
M004,1,Masala Papad,Starters,79,true,true,2024-01-01 00:00:00
M005,2,Chicken Starters Unlimited,BBQ,799,false,true,2024-01-01 00:00:00
M006,2,Veg BBQ Unlimited,BBQ,599,true,true,2024-01-01 00:00:00
M007,2,BBQ Combo for Two,Combos,1299,false,true,2024-01-01 00:00:00
M008,3,Hyderabadi Chicken Biryani,Biryani,249,false,true,2024-01-01 00:00:00
M009,3,Mutton Biryani,Biryani,299,false,true,2024-01-01 00:00:00
M010,3,Veg Dum Biryani,Biryani,199,true,true,2024-01-01 00:00:00
M011,3,Raita,Accompaniments,49,true,true,2024-01-01 00:00:00
M012,4,Margherita Pizza,Pizza,249,true,true,2024-01-01 00:00:00
M013,4,Chicken Supreme Pizza,Pizza,349,false,true,2024-01-01 00:00:00
M014,4,Farmhouse Pizza,Pizza,299,true,true,2024-01-01 00:00:00
M015,5,Chicken Bucket (8 pcs),Buckets,399,false,true,2024-01-01 00:00:00
M016,5,Zinger Burger,Burgers,179,false,true,2024-01-01 00:00:00
M017,5,Crispy Strips (5 pcs),Strips,229,false,true,2024-01-01 00:00:00
M018,6,Veggie Paradise Pizza,Pizza,219,true,true,2024-01-01 00:00:00
M019,6,Chicken Dominator Pizza,Pizza,329,false,true,2024-01-01 00:00:00
M020,6,Garlic Bread,Sides,99,true,true,2024-01-01 00:00:00
M021,7,McAloo Tikki Burger,Burgers,79,true,true,2024-01-01 00:00:00
M022,7,Chicken McGrill Burger,Burgers,169,false,true,2024-01-01 00:00:00
M023,7,McSpicy Paneer Burger,Burgers,179,true,true,2024-01-01 00:00:00
M024,7,Happy Meal Chicken,Combos,249,false,true,2024-01-01 00:00:00
M025,8,Full Meals Thali,Thali,199,true,true,2024-01-01 00:00:00
M026,8,Masala Dosa,Breakfast,99,true,true,2024-01-01 00:00:00
M027,8,Idli Sambar (3 pcs),Breakfast,79,true,true,2024-01-01 00:00:00
M028,8,Filter Coffee,Beverages,49,true,true,2024-01-01 00:00:00
M029,9,Chicken Biryani,Biryani,229,false,true,2024-01-01 00:00:00
M030,9,Veg Biryani,Biryani,179,true,true,2024-01-01 00:00:00
M031,9,Seekh Kebab (6 pcs),Starters,249,false,true,2024-01-01 00:00:00
M032,10,Butter Chicken,Main Course,349,false,true,2024-01-01 00:00:00
M033,10,Dal Bukhara,Main Course,279,true,true,2024-01-01 00:00:00
M034,10,Garlic Naan,Breads,49,true,true,2024-01-01 00:00:00
M035,10,Seekh Kebab (4 pcs),Starters,299,false,true,2024-01-01 00:00:00
M036,11,Café Latte,Hot Beverages,179,true,true,2024-01-01 00:00:00
M037,11,Cold Coffee with Ice Cream,Cold Beverages,149,true,true,2024-01-01 00:00:00
M038,11,Blueberry Muffin,Bakery,129,true,true,2024-01-01 00:00:00
M039,12,Mango Ice Cream (2 scoops),Ice Cream,149,true,true,2024-01-01 00:00:00
M040,12,Sitaphal Ice Cream (2 scoops),Ice Cream,149,true,true,2024-01-01 00:00:00
M041,12,Chikoo Ice Cream (2 scoops),Ice Cream,129,true,true,2024-01-01 00:00:00
M042,13,Dal Tadka,Main Course,179,true,true,2024-01-01 00:00:00
M043,13,Butter Chicken,Main Course,269,false,true,2024-01-01 00:00:00
M044,13,Jeera Rice,Rice,149,true,true,2024-01-01 00:00:00
M045,13,Tandoori Roti,Breads,29,true,true,2024-01-01 00:00:00
M046,14,Veg Fried Rice,Rice,249,true,true,2024-01-01 00:00:00
M047,14,Dragon Chicken,Main Course,349,false,true,2024-01-01 00:00:00
M048,14,Chicken Dim Sum (6 pcs),Dim Sum,199,false,true,2024-01-01 00:00:00
M049,15,Chocolate Truffle Cake (1 slice),Cakes,199,true,true,2024-01-01 00:00:00
M050,15,Walnut Brownie,Brownies,149,true,true,2024-01-01 00:00:00
M051,15,Peanut Butter Cookie (2 pcs),Cookies,99,true,true,2024-01-01 00:00:00
M052,16,Mutton Biryani,Biryani,349,false,true,2024-01-01 00:00:00
M053,16,Chicken Biryani,Biryani,249,false,true,2024-01-01 00:00:00
M054,16,Egg Biryani,Biryani,199,false,true,2024-01-01 00:00:00
M055,17,Gujarati Thali Special,Thali,499,true,true,2024-01-01 00:00:00
M056,17,Dal Dhokli,Main Course,179,true,true,2024-01-01 00:00:00
M057,17,Undhiyu,Main Course,249,true,true,2024-01-01 00:00:00
