order_id,customer_id,restaurant_id,delivery_partner_id,city_id,promo_id,subtotal_amount,delivery_fee,platform_fee,promo_discount_amount,tax_amount,total_amount,order_status,cancellation_reason,is_contactless_delivery,ordered_at,accepted_at,prepared_at,picked_up_at,delivered_at,cancelled_at,updated_at,_fivetran_synced
ORD001,C001,1,DP01,1,,528,30,5,0,26,589,delivered,,false,2024-01-05 12:30:00,2024-01-05 12:33:00,2024-01-05 12:51:00,2024-01-05 12:58:00,2024-01-05 13:24:00,,2024-01-05 13:24:00,2024-01-05 14:00:00
ORD002,C002,2,DP05,3,,1299,0,5,0,65,1369,delivered,,true,2024-01-06 19:15:00,2024-01-06 19:18:00,2024-01-06 19:50:00,2024-01-06 19:56:00,2024-01-06 20:28:00,,2024-01-06 20:28:00,2024-01-06 21:00:00
ORD003,C003,5,DP03,2,,399,25,5,0,20,449,delivered,,false,2024-01-07 13:00:00,2024-01-07 13:03:00,2024-01-07 13:21:00,2024-01-07 13:27:00,2024-01-07 13:52:00,,2024-01-07 13:52:00,2024-01-07 14:30:00
ORD004,C004,3,DP08,5,PRO002,498,30,5,100,20,453,delivered,,false,2024-01-08 20:30:00,2024-01-08 20:33:00,2024-01-08 20:55:00,2024-01-08 21:02:00,2024-01-08 21:29:00,,2024-01-08 21:29:00,2024-01-08 22:00:00
ORD005,C005,7,DP01,1,,258,30,5,0,13,306,delivered,,false,2024-01-10 12:00:00,2024-01-10 12:03:00,2024-01-10 12:16:00,2024-01-10 12:22:00,2024-01-10 12:45:00,,2024-01-10 12:45:00,2024-01-10 13:15:00
ORD006,C006,9,DP03,2,,458,30,5,0,23,516,delivered,,false,2024-01-11 19:45:00,2024-01-11 19:48:00,2024-01-11 20:15:00,2024-01-11 20:22:00,2024-01-11 20:54:00,,2024-01-11 20:54:00,2024-01-11 21:30:00
ORD007,C007,8,DP07,4,,278,20,5,0,14,317,delivered,,true,2024-01-12 13:15:00,2024-01-12 13:18:00,2024-01-12 13:35:00,2024-01-12 13:42:00,2024-01-12 14:08:00,,2024-01-12 14:08:00,2024-01-12 14:30:00
ORD008,C008,8,DP07,4,PRO001,199,0,5,99,10,115,delivered,,false,2024-01-13 09:30:00,2024-01-13 09:33:00,2024-01-13 09:51:00,2024-01-13 09:57:00,2024-01-13 10:22:00,,2024-01-13 10:22:00,2024-01-13 11:00:00
ORD009,C009,15,DP11,7,,348,25,5,0,17,395,delivered,,false,2024-01-14 16:00:00,2024-01-14 16:04:00,2024-01-14 16:18:00,2024-01-14 16:26:00,2024-01-14 16:52:00,,2024-01-14 16:52:00,2024-01-14 17:30:00
ORD010,C010,6,DP05,3,,548,30,5,0,27,610,delivered,,false,2024-01-15 20:00:00,2024-01-15 20:03:00,2024-01-15 20:27:00,2024-01-15 20:34:00,2024-01-15 21:02:00,,2024-01-15 21:02:00,2024-01-15 21:30:00
ORD011,C011,4,DP02,1,,598,30,5,0,30,663,delivered,,false,2024-01-16 19:00:00,2024-01-16 19:04:00,2024-01-16 19:32:00,2024-01-16 19:39:00,2024-01-16 20:08:00,,2024-01-16 20:08:00,2024-01-16 20:30:00
ORD012,C012,8,DP15,4,,278,20,5,0,14,317,delivered,,true,2024-01-17 13:00:00,2024-01-17 13:03:00,2024-01-17 13:21:00,2024-01-17 13:27:00,2024-01-17 13:49:00,,2024-01-17 13:49:00,2024-01-17 14:15:00
ORD013,C013,10,DP03,2,PRO005,628,30,5,75,25,613,delivered,,false,2024-01-25 21:00:00,2024-01-25 21:04:00,2024-01-25 21:37:00,2024-01-25 21:44:00,2024-01-25 22:17:00,,2024-01-25 22:17:00,2024-01-25 22:45:00
ORD014,C014,3,DP08,5,,299,30,5,0,15,349,delivered,,false,2024-01-26 12:30:00,2024-01-26 12:33:00,2024-01-26 12:57:00,2024-01-26 13:04:00,2024-01-26 13:31:00,,2024-01-26 13:31:00,2024-01-26 14:00:00
ORD015,C016,14,DP01,1,,598,30,5,0,30,663,delivered,,false,2024-01-27 20:30:00,2024-01-27 20:33:00,2024-01-27 21:02:00,2024-01-27 21:09:00,2024-01-27 21:39:00,,2024-01-27 21:39:00,2024-01-27 22:00:00
ORD016,C017,11,DP06,3,PRO003,149,0,5,0,7,161,delivered,,false,2024-01-28 16:00:00,2024-01-28 16:04:00,2024-01-28 16:13:00,2024-01-28 16:19:00,2024-01-28 16:43:00,,2024-01-28 16:43:00,2024-01-28 17:00:00
ORD017,C018,5,DP04,2,,608,30,5,0,30,673,delivered,,false,2024-01-29 13:00:00,2024-01-29 13:03:00,2024-01-29 13:23:00,2024-01-29 13:29:00,2024-01-29 13:56:00,,2024-01-29 13:56:00,2024-01-29 14:30:00
ORD018,C019,1,DP02,1,PRO002,528,30,5,100,21,484,delivered,,true,2024-01-30 19:30:00,2024-01-30 19:33:00,2024-01-30 19:52:00,2024-01-30 19:58:00,2024-01-30 20:26:00,,2024-01-30 20:26:00,2024-01-30 21:00:00
ORD019,C020,13,DP09,5,,596,30,5,0,30,661,delivered,,false,2024-02-01 20:00:00,2024-02-01 20:04:00,2024-02-01 20:27:00,2024-02-01 20:34:00,2024-02-01 21:02:00,,2024-02-01 21:02:00,2024-02-01 21:30:00
ORD020,C021,2,DP05,3,,1298,0,5,0,65,1368,delivered,,false,2024-02-03 19:00:00,2024-02-03 19:03:00,2024-02-03 19:36:00,2024-02-03 19:43:00,2024-02-03 20:13:00,,2024-02-03 20:13:00,2024-02-03 20:45:00
ORD021,C001,7,DP01,1,,427,30,5,0,21,483,delivered,,false,2024-02-04 12:30:00,2024-02-04 12:33:00,2024-02-04 12:47:00,2024-02-04 12:54:00,2024-02-04 13:19:00,,2024-02-04 13:19:00,2024-02-04 14:00:00
ORD022,C022,9,DP14,2,PRO006,458,30,5,50,20,463,delivered,,false,2024-02-05 20:15:00,2024-02-05 20:18:00,2024-02-05 20:47:00,2024-02-05 20:53:00,2024-02-05 21:22:00,,2024-02-05 21:22:00,2024-02-05 22:00:00
ORD023,C023,8,DP15,4,PRO003,278,0,5,0,14,297,delivered,,true,2024-02-07 13:00:00,2024-02-07 13:03:00,2024-02-07 13:21:00,2024-02-07 13:27:00,2024-02-07 13:50:00,,2024-02-07 13:50:00,2024-02-07 14:15:00
ORD024,C024,16,DP10,6,,598,30,5,0,30,663,delivered,,false,2024-02-08 20:30:00,2024-02-08 20:33:00,2024-02-08 21:02:00,2024-02-08 21:09:00,2024-02-08 21:41:00,,2024-02-08 21:41:00,2024-02-08 22:00:00
ORD025,C025,6,DP06,3,,548,30,5,0,27,610,delivered,,false,2024-02-10 19:00:00,2024-02-10 19:03:00,2024-02-10 19:27:00,2024-02-10 19:34:00,2024-02-10 20:01:00,,2024-02-10 20:01:00,2024-02-10 20:30:00
ORD026,C005,12,DP02,1,PRO007,298,30,5,59,12,286,delivered,,false,2024-02-11 15:30:00,2024-02-11 15:33:00,2024-02-11 15:43:00,2024-02-11 15:49:00,2024-02-11 16:11:00,,2024-02-11 16:11:00,2024-02-11 16:45:00
ORD027,C013,5,DP03,2,,228,25,5,0,11,269,delivered,,false,2024-02-14 13:00:00,2024-02-14 13:03:00,2024-02-14 13:22:00,2024-02-14 13:28:00,2024-02-14 13:53:00,,2024-02-14 13:53:00,2024-02-14 14:30:00
ORD028,C010,11,DP05,3,,299,25,5,0,15,344,delivered,,false,2024-02-15 17:00:00,2024-02-15 17:03:00,2024-02-15 17:13:00,2024-02-15 17:18:00,2024-02-15 17:43:00,,2024-02-15 17:43:00,2024-02-15 18:00:00
ORD029,C004,13,DP08,5,,596,30,5,0,30,661,delivered,,false,2024-02-18 20:00:00,2024-02-18 20:03:00,2024-02-18 20:28:00,2024-02-18 20:34:00,2024-02-18 21:05:00,,2024-02-18 21:05:00,2024-02-18 21:30:00
ORD030,C019,4,DP01,1,PRO007,699,0,5,139,28,593,delivered,,false,2024-02-18 21:00:00,2024-02-18 21:03:00,2024-02-18 21:32:00,2024-02-18 21:39:00,2024-02-18 22:12:00,,2024-02-18 22:12:00,2024-02-18 22:45:00
ORD031,C026,16,DP10,6,PRO001,348,30,5,174,8,217,delivered,,false,2024-02-22 19:00:00,2024-02-22 19:04:00,2024-02-22 19:33:00,2024-02-22 19:40:00,2024-02-22 20:12:00,,2024-02-22 20:12:00,2024-02-22 20:45:00
ORD032,C027,8,DP15,4,,398,20,5,0,20,443,delivered,,true,2024-02-25 13:30:00,2024-02-25 13:33:00,2024-02-25 13:51:00,2024-02-25 13:57:00,2024-02-25 14:21:00,,2024-02-25 14:21:00,2024-02-25 15:00:00
ORD033,C030,17,DP12,8,,676,30,5,0,34,745,delivered,,false,2024-02-28 19:00:00,2024-02-28 19:03:00,2024-02-28 19:27:00,2024-02-28 19:34:00,2024-02-28 20:04:00,,2024-02-28 20:04:00,2024-02-28 20:30:00
ORD034,C016,1,DP01,1,,279,30,5,0,14,328,delivered,,false,2024-03-02 12:00:00,2024-03-02 12:03:00,2024-03-02 12:22:00,2024-03-02 12:29:00,2024-03-02 12:54:00,,2024-03-02 12:54:00,2024-03-02 13:30:00
ORD035,C018,10,DP03,2,,628,30,5,0,31,694,delivered,,false,2024-03-05 20:30:00,2024-03-05 20:33:00,2024-03-05 21:06:00,2024-03-05 21:13:00,2024-03-05 21:47:00,,2024-03-05 21:47:00,2024-03-05 22:15:00
ORD036,C003,9,,2,,458,30,5,0,23,516,cancelled,customer_cancelled,false,2024-01-09 14:00:00,,,,,2024-01-09 14:08:00,2024-01-09 14:08:00,2024-01-09 15:00:00
ORD037,C006,10,,3,,349,30,5,0,17,401,cancelled,restaurant_rejected,false,2024-01-15 21:00:00,2024-01-15 21:05:00,,,,2024-01-15 21:12:00,2024-01-15 21:12:00,2024-01-15 22:00:00
ORD038,C011,7,,1,,258,30,5,0,13,306,cancelled,customer_cancelled,false,2024-02-02 13:00:00,,,,,2024-02-02 13:05:00,2024-02-02 13:05:00,2024-02-02 14:00:00
ORD039,C017,6,,4,,219,30,5,0,11,265,cancelled,no_delivery_partner,false,2024-02-06 21:30:00,2024-02-06 21:33:00,,,,2024-02-06 21:48:00,2024-02-06 21:48:00,2024-02-06 22:00:00
ORD040,C022,5,,5,,399,25,5,0,20,449,cancelled,customer_cancelled,false,2024-02-09 12:00:00,,,,,2024-02-09 12:03:00,2024-02-09 12:03:00,2024-02-09 13:00:00
ORD041,C028,10,,3,,628,30,5,0,31,694,cancelled,restaurant_rejected,false,2024-02-20 20:00:00,2024-02-20 20:07:00,,,,2024-02-20 20:18:00,2024-02-20 20:18:00,2024-02-20 21:00:00
ORD042,C024,16,,6,,248,30,5,0,12,295,cancelled,payment_failed,false,2024-03-01 19:00:00,,,,,2024-03-01 19:10:00,2024-03-01 19:10:00,2024-03-01 20:00:00
ORD043,C002,6,DP05,3,,548,30,5,0,27,610,refunded,,false,2024-01-20 19:30:00,2024-01-20 19:33:00,2024-01-20 19:58:00,2024-01-20 20:05:00,2024-01-20 20:35:00,,2024-01-22 09:00:00,2024-01-22 10:00:00
ORD044,C008,8,DP07,4,,179,20,5,0,9,213,refunded,,false,2024-01-30 13:00:00,2024-01-30 13:03:00,2024-01-30 13:21:00,2024-01-30 13:27:00,2024-01-30 13:52:00,,2024-01-31 10:00:00,2024-01-31 11:00:00
ORD045,C013,9,DP03,2,,458,30,5,0,23,516,refunded,,false,2024-02-12 21:00:00,2024-02-12 21:03:00,2024-02-12 21:31:00,2024-02-12 21:38:00,2024-02-12 22:07:00,,2024-02-13 08:00:00,2024-02-13 09:00:00
ORD046,C020,3,DP08,5,,299,30,5,0,15,349,refunded,,false,2024-02-25 20:00:00,2024-02-25 20:03:00,2024-02-25 20:26:00,2024-02-25 20:33:00,2024-02-25 21:02:00,,2024-02-26 09:00:00,2024-02-26 10:00:00
ORD047,C019,14,DP01,1,,548,30,5,0,27,610,out_for_delivery,,true,2024-03-28 19:00:00,2024-03-28 19:03:00,2024-03-28 19:31:00,2024-03-28 19:38:00,,,2024-03-28 19:38:00,2024-03-28 20:00:00
ORD048,C010,2,DP05,3,,1299,0,5,0,65,1369,out_for_delivery,,false,2024-03-28 20:00:00,2024-03-28 20:03:00,2024-03-28 20:38:00,2024-03-28 20:45:00,,,2024-03-28 20:45:00,2024-03-28 21:00:00
ORD049,C004,3,DP08,5,PRO002,498,30,5,100,20,453,out_for_delivery,,false,2024-03-28 20:30:00,2024-03-28 20:33:00,2024-03-28 20:57:00,2024-03-28 21:04:00,,,2024-03-28 21:04:00,2024-03-28 21:30:00
ORD050,C029,16,DP10,6,,348,30,5,0,17,400,out_for_delivery,,false,2024-03-28 21:00:00,2024-03-28 21:04:00,2024-03-28 21:33:00,2024-03-28 21:40:00,,,2024-03-28 21:40:00,2024-03-28 22:00:00

ORD052,C001,1,DP01,1,,528,30,5,0,26,589,delivered,,false,2024-03-01 12:00:00,2024-03-01 12:03:00,2024-03-01 12:22:00,2024-03-01 12:28:00,2024-03-01 12:55:00,,2024-03-01 12:55:00,2024-03-01 13:20:00
ORD053,C002,6,DP05,3,,548,30,5,0,27,610,delivered,,true,2024-03-01 19:00:00,2024-03-01 19:03:00,2024-03-01 19:26:00,2024-03-01 19:33:00,2024-03-01 20:01:00,,2024-03-01 20:01:00,2024-03-01 20:30:00
ORD054,C003,15,DP11,7,,348,25,5,0,17,395,delivered,,false,2024-03-02 16:00:00,2024-03-02 16:03:00,2024-03-02 16:16:00,2024-03-02 16:22:00,2024-03-02 16:48:00,,2024-03-02 16:48:00,2024-03-02 17:15:00
ORD055,C004,8,DP07,4,,207,20,5,0,10,242,delivered,,true,2024-03-02 09:00:00,2024-03-02 09:03:00,2024-03-02 09:16:00,2024-03-02 09:22:00,2024-03-02 09:46:00,,2024-03-02 09:46:00,2024-03-02 10:10:00
ORD056,C005,1,DP01,1,,528,30,5,0,26,589,delivered,,false,2024-03-03 12:15:00,2024-03-03 12:18:00,2024-03-03 12:37:00,2024-03-03 12:43:00,2024-03-03 13:10:00,,2024-03-03 13:10:00,2024-03-03 13:35:00
ORD057,C006,6,DP05,3,,548,30,5,0,27,610,delivered,,false,2024-03-03 19:10:00,2024-03-03 19:13:00,2024-03-03 19:36:00,2024-03-03 19:43:00,2024-03-03 20:12:00,,2024-03-03 20:12:00,2024-03-03 20:40:00
ORD058,C007,15,DP11,7,,348,25,5,0,17,395,delivered,,true,2024-03-04 16:10:00,2024-03-04 16:13:00,2024-03-04 16:26:00,2024-03-04 16:32:00,2024-03-04 16:58:00,,2024-03-04 16:58:00,2024-03-04 17:20:00
ORD059,C008,8,DP07,4,,207,20,5,0,10,242,delivered,,false,2024-03-04 09:15:00,2024-03-04 09:18:00,2024-03-04 09:31:00,2024-03-04 09:37:00,2024-03-04 10:01:00,,2024-03-04 10:01:00,2024-03-04 10:25:00
ORD060,C009,1,DP02,1,,528,30,5,0,26,589,delivered,,true,2024-03-05 12:20:00,2024-03-05 12:23:00,2024-03-05 12:42:00,2024-03-05 12:48:00,2024-03-05 13:15:00,,2024-03-05 13:15:00,2024-03-05 13:40:00
ORD061,C010,6,DP05,3,,548,30,5,0,27,610,delivered,,false,2024-03-05 19:20:00,2024-03-05 19:23:00,2024-03-05 19:46:00,2024-03-05 19:53:00,2024-03-05 20:21:00,,2024-03-05 20:21:00,2024-03-05 20:50:00
ORD062,C011,15,DP11,7,,348,25,5,0,17,395,delivered,,false,2024-03-06 16:20:00,2024-03-06 16:23:00,2024-03-06 16:36:00,2024-03-06 16:42:00,2024-03-06 17:08:00,,2024-03-06 17:08:00,2024-03-06 17:30:00
ORD063,C012,8,DP07,4,,207,20,5,0,10,242,delivered,,true,2024-03-06 09:20:00,2024-03-06 09:23:00,2024-03-06 09:36:00,2024-03-06 09:42:00,2024-03-06 10:06:00,,2024-03-06 10:06:00,2024-03-06 10:30:00
ORD064,C013,1,DP01,1,,528,30,5,0,26,589,delivered,,false,2024-03-07 12:25:00,2024-03-07 12:28:00,2024-03-07 12:47:00,2024-03-07 12:53:00,2024-03-07 13:20:00,,2024-03-07 13:20:00,2024-03-07 13:45:00
ORD065,C014,6,DP06,3,,548,30,5,0,27,610,delivered,,true,2024-03-07 19:25:00,2024-03-07 19:28:00,2024-03-07 19:51:00,2024-03-07 19:58:00,2024-03-07 20:26:00,,2024-03-07 20:26:00,2024-03-07 20:55:00
ORD066,C015,15,DP11,7,,348,25,5,0,17,395,delivered,,false,2024-03-08 16:25:00,2024-03-08 16:28:00,2024-03-08 16:41:00,2024-03-08 16:47:00,2024-03-08 17:13:00,,2024-03-08 17:13:00,2024-03-08 17:35:00
ORD067,C016,8,DP15,4,,207,20,5,0,10,242,delivered,,false,2024-03-08 09:25:00,2024-03-08 09:28:00,2024-03-08 09:41:00,2024-03-08 09:47:00,2024-03-08 10:11:00,,2024-03-08 10:11:00,2024-03-08 10:35:00
ORD068,C017,1,DP02,1,,528,30,5,0,26,589,delivered,,true,2024-03-09 12:30:00,2024-03-09 12:33:00,2024-03-09 12:52:00,2024-03-09 12:58:00,2024-03-09 13:25:00,,2024-03-09 13:25:00,2024-03-09 13:50:00
ORD069,C018,6,DP05,3,,548,30,5,0,27,610,delivered,,false,2024-03-09 19:30:00,2024-03-09 19:33:00,2024-03-09 19:56:00,2024-03-09 20:03:00,2024-03-09 20:31:00,,2024-03-09 20:31:00,2024-03-09 21:00:00
ORD070,C019,15,DP11,7,,348,25,5,0,17,395,delivered,,true,2024-03-10 16:30:00,2024-03-10 16:33:00,2024-03-10 16:46:00,2024-03-10 16:52:00,2024-03-10 17:18:00,,2024-03-10 17:18:00,2024-03-10 17:40:00
ORD071,C020,8,DP07,4,,207,20,5,0,10,242,delivered,,false,2024-03-10 09:30:00,2024-03-10 09:33:00,2024-03-10 09:46:00,2024-03-10 09:52:00,2024-03-10 10:16:00,,2024-03-10 10:16:00,2024-03-10 10:40:00
ORD072,C001,1,DP01,1,,528,30,5,0,26,589,delivered,,false,2024-03-11 12:00:00,2024-03-11 12:03:00,2024-03-11 12:22:00,2024-03-11 12:28:00,2024-03-11 12:55:00,,2024-03-11 12:55:00,2024-03-11 13:20:00
ORD073,C002,6,DP05,3,,548,30,5,0,27,610,delivered,,true,2024-03-11 19:00:00,2024-03-11 19:03:00,2024-03-11 19:26:00,2024-03-11 19:33:00,2024-03-11 20:01:00,,2024-03-11 20:01:00,2024-03-11 20:30:00
ORD074,C003,15,DP11,7,,348,25,5,0,17,395,delivered,,false,2024-03-12 16:00:00,2024-03-12 16:03:00,2024-03-12 16:16:00,2024-03-12 16:22:00,2024-03-12 16:48:00,,2024-03-12 16:48:00,2024-03-12 17:15:00
ORD075,C004,8,DP07,4,,207,20,5,0,10,242,delivered,,true,2024-03-12 09:00:00,2024-03-12 09:03:00,2024-03-12 09:16:00,2024-03-12 09:22:00,2024-03-12 09:46:00,,2024-03-12 09:46:00,2024-03-12 10:10:00
ORD076,C005,1,DP01,1,,528,30,5,0,26,589,delivered,,false,2024-03-13 12:15:00,2024-03-13 12:18:00,2024-03-13 12:37:00,2024-03-13 12:43:00,2024-03-13 13:10:00,,2024-03-13 13:10:00,2024-03-13 13:35:00
ORD077,C006,6,DP05,3,,548,30,5,0,27,610,delivered,,false,2024-03-13 19:10:00,2024-03-13 19:13:00,2024-03-13 19:36:00,2024-03-13 19:43:00,2024-03-13 20:12:00,,2024-03-13 20:12:00,2024-03-13 20:40:00
ORD078,C007,15,DP11,7,,348,25,5,0,17,395,delivered,,true,2024-03-14 16:10:00,2024-03-14 16:13:00,2024-03-14 16:26:00,2024-03-14 16:32:00,2024-03-14 16:58:00,,2024-03-14 16:58:00,2024-03-14 17:20:00
ORD079,C008,8,DP07,4,,207,20,5,0,10,242,delivered,,false,2024-03-14 09:15:00,2024-03-14 09:18:00,2024-03-14 09:31:00,2024-03-14 09:37:00,2024-03-14 10:01:00,,2024-03-14 10:01:00,2024-03-14 10:25:00
ORD080,C009,1,DP02,1,,528,30,5,0,26,589,delivered,,true,2024-03-15 12:20:00,2024-03-15 12:23:00,2024-03-15 12:42:00,2024-03-15 12:48:00,2024-03-15 13:15:00,,2024-03-15 13:15:00,2024-03-15 13:40:00
ORD081,C010,6,DP05,3,,548,30,5,0,27,610,delivered,,false,2024-03-15 19:20:00,2024-03-15 19:23:00,2024-03-15 19:46:00,2024-03-15 19:53:00,2024-03-15 20:21:00,,2024-03-15 20:21:00,2024-03-15 20:50:00
ORD082,C011,15,DP11,7,,348,25,5,0,17,395,delivered,,false,2024-03-16 16:20:00,2024-03-16 16:23:00,2024-03-16 16:36:00,2024-03-16 16:42:00,2024-03-16 17:08:00,,2024-03-16 17:08:00,2024-03-16 17:30:00
ORD083,C012,8,DP07,4,,207,20,5,0,10,242,delivered,,true,2024-03-16 09:20:00,2024-03-16 09:23:00,2024-03-16 09:36:00,2024-03-16 09:42:00,2024-03-16 10:06:00,,2024-03-16 10:06:00,2024-03-16 10:30:00
ORD084,C013,1,DP01,1,,528,30,5,0,26,589,delivered,,false,2024-03-17 12:25:00,2024-03-17 12:28:00,2024-03-17 12:47:00,2024-03-17 12:53:00,2024-03-17 13:20:00,,2024-03-17 13:20:00,2024-03-17 13:45:00
ORD085,C014,6,DP06,3,,548,30,5,0,27,610,delivered,,true,2024-03-17 19:25:00,2024-03-17 19:28:00,2024-03-17 19:51:00,2024-03-17 19:58:00,2024-03-17 20:26:00,,2024-03-17 20:26:00,2024-03-17 20:55:00
ORD086,C015,15,DP11,7,,348,25,5,0,17,395,delivered,,false,2024-03-18 16:25:00,2024-03-18 16:28:00,2024-03-18 16:41:00,2024-03-18 16:47:00,2024-03-18 17:13:00,,2024-03-18 17:13:00,2024-03-18 17:35:00
ORD087,C016,8,DP15,4,,207,20,5,0,10,242,delivered,,false,2024-03-18 09:25:00,2024-03-18 09:28:00,2024-03-18 09:41:00,2024-03-18 09:47:00,2024-03-18 10:11:00,,2024-03-18 10:11:00,2024-03-18 10:35:00
ORD088,C017,1,DP02,1,,528,30,5,0,26,589,delivered,,true,2024-03-19 12:30:00,2024-03-19 12:33:00,2024-03-19 12:52:00,2024-03-19 12:58:00,2024-03-19 13:25:00,,2024-03-19 13:25:00,2024-03-19 13:50:00
ORD089,C018,6,DP05,3,,548,30,5,0,27,610,delivered,,false,2024-03-19 19:30:00,2024-03-19 19:33:00,2024-03-19 19:56:00,2024-03-19 20:03:00,2024-03-19 20:31:00,,2024-03-19 20:31:00,2024-03-19 21:00:00
ORD090,C019,15,DP11,7,,348,25,5,0,17,395,delivered,,true,2024-03-20 16:30:00,2024-03-20 16:33:00,2024-03-20 16:46:00,2024-03-20 16:52:00,2024-03-20 17:18:00,,2024-03-20 17:18:00,2024-03-20 17:40:00
ORD091,C020,8,DP07,4,,207,20,5,0,10,242,delivered,,false,2024-03-20 09:30:00,2024-03-20 09:33:00,2024-03-20 09:46:00,2024-03-20 09:52:00,2024-03-20 10:16:00,,2024-03-20 10:16:00,2024-03-20 10:40:00

ORD092,C001,1,DP01,1,,528,30,5,0,26,589,delivered,,false,2024-03-21 12:00:00,2024-03-21 12:03:00,2024-03-21 12:22:00,2024-03-21 12:28:00,2024-03-21 12:55:00,,2024-03-21 12:55:00,2024-03-21 13:20:00
ORD093,C002,6,DP05,3,,548,30,5,0,27,610,delivered,,true,2024-03-21 19:00:00,2024-03-21 19:03:00,2024-03-21 19:26:00,2024-03-21 19:33:00,2024-03-21 20:01:00,,2024-03-21 20:01:00,2024-03-21 20:30:00
ORD094,C003,15,DP11,7,,348,25,5,0,17,395,delivered,,false,2024-03-22 16:00:00,2024-03-22 16:03:00,2024-03-22 16:16:00,2024-03-22 16:22:00,2024-03-22 16:48:00,,2024-03-22 16:48:00,2024-03-22 17:15:00
ORD095,C004,8,DP07,4,,207,20,5,0,10,242,delivered,,true,2024-03-22 09:00:00,2024-03-22 09:03:00,2024-03-22 09:16:00,2024-03-22 09:22:00,2024-03-22 09:46:00,,2024-03-22 09:46:00,2024-03-22 10:10:00
ORD096,C005,1,DP01,1,,528,30,5,0,26,589,delivered,,false,2024-03-23 12:15:00,2024-03-23 12:18:00,2024-03-23 12:37:00,2024-03-23 12:43:00,2024-03-23 13:10:00,,2024-03-23 13:10:00,2024-03-23 13:35:00
ORD097,C006,6,DP05,3,,548,30,5,0,27,610,delivered,,false,2024-03-23 19:10:00,2024-03-23 19:13:00,2024-03-23 19:36:00,2024-03-23 19:43:00,2024-03-23 20:12:00,,2024-03-23 20:12:00,2024-03-23 20:40:00
ORD098,C007,15,DP11,7,,348,25,5,0,17,395,delivered,,true,2024-03-24 16:10:00,2024-03-24 16:13:00,2024-03-24 16:26:00,2024-03-24 16:32:00,2024-03-24 16:58:00,,2024-03-24 16:58:00,2024-03-24 17:20:00
ORD099,C008,8,DP07,4,,207,20,5,0,10,242,delivered,,false,2024-03-24 09:15:00,2024-03-24 09:18:00,2024-03-24 09:31:00,2024-03-24 09:37:00,2024-03-24 10:01:00,,2024-03-24 10:01:00,2024-03-24 10:25:00
ORD100,C009,1,DP02,1,,528,30,5,0,26,589,delivered,,true,2024-03-25 12:20:00,2024-03-25 12:23:00,2024-03-25 12:42:00,2024-03-25 12:48:00,2024-03-25 13:15:00,,2024-03-25 13:15:00,2024-03-25 13:40:00
ORD101,C010,6,DP05,3,,548,30,5,0,27,610,delivered,,false,2024-03-25 19:20:00,2024-03-25 19:23:00,2024-03-25 19:46:00,2024-03-25 19:53:00,2024-03-25 20:21:00,,2024-03-25 20:21:00,2024-03-25 20:50:00
ORD102,C011,15,DP11,7,,348,25,5,0,17,395,delivered,,false,2024-03-26 16:20:00,2024-03-26 16:23:00,2024-03-26 16:36:00,2024-03-26 16:42:00,2024-03-26 17:08:00,,2024-03-26 17:08:00,2024-03-26 17:30:00
ORD103,C012,8,DP07,4,,207,20,5,0,10,242,delivered,,true,2024-03-26 09:20:00,2024-03-26 09:23:00,2024-03-26 09:36:00,2024-03-26 09:42:00,2024-03-26 10:06:00,,2024-03-26 10:06:00,2024-03-26 10:30:00
ORD104,C013,1,DP01,1,,528,30,5,0,26,589,delivered,,false,2024-03-27 12:25:00,2024-03-27 12:28:00,2024-03-27 12:47:00,2024-03-27 12:53:00,2024-03-27 13:20:00,,2024-03-27 13:20:00,2024-03-27 13:45:00
ORD105,C014,6,DP06,3,,548,30,5,0,27,610,delivered,,true,2024-03-27 19:25:00,2024-03-27 19:28:00,2024-03-27 19:51:00,2024-03-27 19:58:00,2024-03-27 20:26:00,,2024-03-27 20:26:00,2024-03-27 20:55:00
ORD106,C015,15,DP11,7,,348,25,5,0,17,395,delivered,,false,2024-03-28 16:25:00,2024-03-28 16:28:00,2024-03-28 16:41:00,2024-03-28 16:47:00,2024-03-28 17:13:00,,2024-03-28 17:13:00,2024-03-28 17:35:00
ORD107,C016,8,DP15,4,,207,20,5,0,10,242,delivered,,false,2024-03-28 09:25:00,2024-03-28 09:28:00,2024-03-28 09:41:00,2024-03-28 09:47:00,2024-03-28 10:11:00,,2024-03-28 10:11:00,2024-03-28 10:35:00
ORD108,C017,1,DP02,1,,528,30,5,0,26,589,delivered,,true,2024-03-29 12:30:00,2024-03-29 12:33:00,2024-03-29 12:52:00,2024-03-29 12:58:00,2024-03-29 13:25:00,,2024-03-29 13:25:00,2024-03-29 13:50:00
ORD109,C018,6,DP05,3,,548,30,5,0,27,610,delivered,,false,2024-03-29 19:30:00,2024-03-29 19:33:00,2024-03-29 19:56:00,2024-03-29 20:03:00,2024-03-29 20:31:00,,2024-03-29 20:31:00,2024-03-29 21:00:00
ORD110,C019,15,DP11,7,,348,25,5,0,17,395,delivered,,true,2024-03-30 16:30:00,2024-03-30 16:33:00,2024-03-30 16:46:00,2024-03-30 16:52:00,2024-03-30 17:18:00,,2024-03-30 17:18:00,2024-03-30 17:40:00
ORD111,C020,8,DP07,4,,207,20,5,0,10,242,delivered,,false,2024-03-30 09:30:00,2024-03-30 09:33:00,2024-03-30 09:46:00,2024-03-30 09:52:00,2024-03-30 10:16:00,,2024-03-30 10:16:00,2024-03-30 10:40:00
ORD112,C001,1,DP01,1,,528,30,5,0,26,589,delivered,,false,2024-03-31 12:00:00,2024-03-31 12:03:00,2024-03-31 12:22:00,2024-03-31 12:28:00,2024-03-31 12:55:00,,2024-03-31 12:55:00,2024-03-31 13:20:00
ORD113,C002,6,DP05,3,,548,30,5,0,27,610,delivered,,true,2024-03-31 19:00:00,2024-03-31 19:03:00,2024-03-31 19:26:00,2024-03-31 19:33:00,2024-03-31 20:01:00,,2024-03-31 20:01:00,2024-03-31 20:30:00
ORD114,C003,15,DP11,7,,348,25,5,0,17,395,delivered,,false,2024-04-01 16:00:00,2024-04-01 16:03:00,2024-04-01 16:16:00,2024-04-01 16:22:00,2024-04-01 16:48:00,,2024-04-01 16:48:00,2024-04-01 17:15:00
ORD115,C004,8,DP07,4,,207,20,5,0,10,242,delivered,,true,2024-04-01 09:00:00,2024-04-01 09:03:00,2024-04-01 09:16:00,2024-04-01 09:22:00,2024-04-01 09:46:00,,2024-04-01 09:46:00,2024-04-01 10:10:00
ORD116,C005,1,DP01,1,,528,30,5,0,26,589,delivered,,false,2024-04-02 12:15:00,2024-04-02 12:18:00,2024-04-02 12:37:00,2024-04-02 12:43:00,2024-04-02 13:10:00,,2024-04-02 13:10:00,2024-04-02 13:35:00
ORD117,C006,6,DP05,3,,548,30,5,0,27,610,delivered,,false,2024-04-02 19:10:00,2024-04-02 19:13:00,2024-04-02 19:36:00,2024-04-02 19:43:00,2024-04-02 20:12:00,,2024-04-02 20:12:00,2024-04-02 20:40:00
ORD118,C007,15,DP11,7,,348,25,5,0,17,395,delivered,,true,2024-04-03 16:10:00,2024-04-03 16:13:00,2024-04-03 16:26:00,2024-04-03 16:32:00,2024-04-03 16:58:00,,2024-04-03 16:58:00,2024-04-03 17:20:00
ORD119,C008,8,DP07,4,,207,20,5,0,10,242,delivered,,false,2024-04-03 09:15:00,2024-04-03 09:18:00,2024-04-03 09:31:00,2024-04-03 09:37:00,2024-04-03 10:01:00,,2024-04-03 10:01:00,2024-04-03 10:25:00
ORD120,C009,1,DP02,1,,528,30,5,0,26,589,delivered,,true,2024-04-04 12:20:00,2024-04-04 12:23:00,2024-04-04 12:42:00,2024-04-04 12:48:00,2024-04-04 13:15:00,,2024-04-04 13:15:00,2024-04-04 13:40:00
ORD121,C010,6,DP05,3,,548,30,5,0,27,610,delivered,,false,2024-04-04 19:20:00,2024-04-04 19:23:00,2024-04-04 19:46:00,2024-04-04 19:53:00,2024-04-04 20:21:00,,2024-04-04 20:21:00,2024-04-04 20:50:00
ORD122,C011,15,DP11,7,,348,25,5,0,17,395,delivered,,false,2024-04-05 16:20:00,2024-04-05 16:23:00,2024-04-05 16:36:00,2024-04-05 16:42:00,2024-04-05 17:08:00,,2024-04-05 17:08:00,2024-04-05 17:30:00
ORD123,C012,8,DP07,4,,207,20,5,0,10,242,delivered,,true,2024-04-05 09:20:00,2024-04-05 09:23:00,2024-04-05 09:36:00,2024-04-05 09:42:00,2024-04-05 10:06:00,,2024-04-05 10:06:00,2024-04-05 10:30:00
ORD124,C013,1,DP01,1,,528,30,5,0,26,589,delivered,,false,2024-04-06 12:25:00,2024-04-06 12:28:00,2024-04-06 12:47:00,2024-04-06 12:53:00,2024-04-06 13:20:00,,2024-04-06 13:20:00,2024-04-06 13:45:00
ORD125,C014,6,DP06,3,,548,30,5,0,27,610,delivered,,true,2024-04-06 19:25:00,2024-04-06 19:28:00,2024-04-06 19:51:00,2024-04-06 19:58:00,2024-04-06 20:26:00,,2024-04-06 20:26:00,2024-04-06 20:55:00
ORD126,C015,15,DP11,7,,348,25,5,0,17,395,delivered,,false,2024-04-07 16:25:00,2024-04-07 16:28:00,2024-04-07 16:41:00,2024-04-07 16:47:00,2024-04-07 17:13:00,,2024-04-07 17:13:00,2024-04-07 17:35:00
ORD127,C016,8,DP15,4,,207,20,5,0,10,242,delivered,,false,2024-04-07 09:25:00,2024-04-07 09:28:00,2024-04-07 09:41:00,2024-04-07 09:47:00,2024-04-07 10:11:00,,2024-04-07 10:11:00,2024-04-07 10:35:00
ORD128,C017,1,DP02,1,,528,30,5,0,26,589,delivered,,true,2024-04-08 12:30:00,2024-04-08 12:33:00,2024-04-08 12:52:00,2024-04-08 12:58:00,2024-04-08 13:25:00,,2024-04-08 13:25:00,2024-04-08 13:50:00
ORD129,C018,6,DP05,3,,548,30,5,0,27,610,delivered,,false,2024-04-08 19:30:00,2024-04-08 19:33:00,2024-04-08 19:56:00,2024-04-08 20:03:00,2024-04-08 20:31:00,,2024-04-08 20:31:00,2024-04-08 21:00:00
ORD130,C019,15,DP11,7,,348,25,5,0,17,395,delivered,,true,2024-04-09 16:30:00,2024-04-09 16:33:00,2024-04-09 16:46:00,2024-04-09 16:52:00,2024-04-09 17:18:00,,2024-04-09 17:18:00,2024-04-09 17:40:00
ORD131,C020,8,DP07,4,,207,20,5,0,10,242,delivered,,false,2024-04-09 09:30:00,2024-04-09 09:33:00,2024-04-09 09:46:00,2024-04-09 09:52:00,2024-04-09 10:16:00,,2024-04-09 10:16:00,2024-04-09 10:40:00
