rating_id,order_id,customer_id,restaurant_id,delivery_partner_id,food_rating,delivery_rating,overall_rating,rated_at,_airbyte_extracted_at
RAT001,ORD001,C001,1,DP01,5,4,4.5,2024-01-05 14:00:00,2024-01-05 15:00:00
RAT002,ORD002,C002,2,DP05,5,5,5.0,2024-01-06 21:30:00,2024-01-06 22:00:00
RAT003,ORD003,C003,5,DP03,4,4,4.0,2024-01-07 15:00:00,2024-01-07 15:30:00
RAT004,ORD004,C004,3,DP08,5,4,4.5,2024-01-08 22:30:00,2024-01-08 23:00:00
RAT005,ORD005,C005,7,DP01,4,5,4.5,2024-01-10 14:00:00,2024-01-10 14:30:00
RAT006,ORD006,C006,9,DP03,3,4,3.5,2024-01-11 22:00:00,2024-01-11 22:30:00
RAT007,ORD007,C007,8,DP07,5,5,5.0,2024-01-12 15:00:00,2024-01-12 15:30:00
RAT008,ORD008,C008,8,DP07,4,4,4.0,2024-01-13 11:30:00,2024-01-13 12:00:00
RAT009,ORD009,C009,15,DP11,5,4,4.5,2024-01-14 18:00:00,2024-01-14 18:30:00
RAT010,ORD010,C010,6,DP05,4,5,4.5,2024-01-15 22:00:00,2024-01-15 22:30:00
RAT011,ORD011,C011,4,DP02,4,4,4.0,2024-01-16 21:00:00,2024-01-16 21:30:00
RAT012,ORD012,C012,8,DP15,5,5,5.0,2024-01-17 15:00:00,2024-01-17 15:30:00
RAT013,ORD013,C013,10,DP03,5,4,4.5,2024-01-25 23:30:00,2024-01-26 00:00:00
RAT014,ORD014,C014,3,DP08,4,4,4.0,2024-01-26 15:00:00,2024-01-26 15:30:00
RAT015,ORD015,C016,14,DP01,4,5,4.5,2024-01-27 22:30:00,2024-01-27 23:00:00
RAT016,ORD016,C017,11,DP06,3,4,3.5,2024-01-28 18:00:00,2024-01-28 18:30:00
RAT017,ORD017,C018,5,DP04,5,5,5.0,2024-01-29 15:00:00,2024-01-29 15:30:00
RAT018,ORD018,C019,1,DP02,5,4,4.5,2024-01-30 21:30:00,2024-01-30 22:00:00
RAT019,ORD019,C020,13,DP08,4,4,4.0,2024-02-01 22:00:00,2024-02-01 22:30:00
RAT020,ORD020,C021,2,DP05,5,5,5.0,2024-02-03 21:30:00,2024-02-03 22:00:00
RAT021,ORD021,C001,7,DP01,4,5,4.5,2024-02-04 14:30:00,2024-02-04 15:00:00
RAT022,ORD022,C022,9,DP14,3,3,3.0,2024-02-05 22:30:00,2024-02-05 23:00:00
RAT023,ORD023,C023,8,DP15,5,5,5.0,2024-02-07 15:00:00,2024-02-07 15:30:00
RAT024,ORD024,C024,16,DP10,4,4,4.0,2024-02-08 22:30:00,2024-02-08 23:00:00
RAT025,ORD025,C025,6,DP06,5,4,4.5,2024-02-10 21:00:00,2024-02-10 21:30:00
RAT026,ORD026,C005,12,DP02,5,5,5.0,2024-02-11 17:30:00,2024-02-11 18:00:00
RAT027,ORD027,C013,5,DP03,4,4,4.0,2024-02-14 15:00:00,2024-02-14 15:30:00
RAT028,ORD028,C010,11,DP05,4,5,4.5,2024-02-15 19:00:00,2024-02-15 19:30:00
RAT029,ORD029,C004,13,DP08,5,4,4.5,2024-02-18 22:00:00,2024-02-18 22:30:00
RAT030,ORD030,C019,4,DP01,4,4,4.0,2024-02-18 23:30:00,2024-02-19 00:00:00
RAT031,ORD031,C026,16,DP10,4,5,4.5,2024-02-22 21:30:00,2024-02-22 22:00:00
RAT032,ORD032,C027,8,DP15,5,5,5.0,2024-02-25 16:00:00,2024-02-25 16:30:00
RAT033,ORD033,C030,17,DP12,4,4,4.0,2024-02-28 21:30:00,2024-02-28 22:00:00
RAT034,ORD034,C016,1,DP01,5,5,5.0,2024-03-02 14:30:00,2024-03-02 15:00:00
RAT035,ORD035,C018,10,DP03,4,4,4.0,2024-03-05 23:00:00,2024-03-05 23:30:00
