restaurant_id,restaurant_name,cuisine_type,restaurant_tier,is_active,is_verified,is_purely_vegetarian,city_id,area_id,average_prep_time_minutes,minimum_order_amount,average_cost_for_two,commission_rate,overall_rating,total_ratings_count,created_at,updated_at,_fivetran_synced
1,Haldiram's,north_indian,platinum,true,true,true,1,A001,20,149,600,0.18,4.3,12450,2020-06-01 10:00:00,2024-03-01 10:00:00,2024-03-01 11:00:00
2,Barbeque Nation,continental,platinum,true,true,false,3,A010,35,500,1800,0.18,4.5,9820,2019-08-15 10:00:00,2024-03-01 10:00:00,2024-03-01 11:00:00
3,Paradise Biryani,biryani,gold,true,true,false,5,A017,25,149,500,0.20,4.4,18320,2018-03-10 10:00:00,2024-03-01 10:00:00,2024-03-01 11:00:00
4,Pizza Hut,pizza,gold,true,true,false,1,A003,30,199,700,0.20,4.0,8540,2019-01-20 10:00:00,2024-03-01 10:00:00,2024-03-01 11:00:00
5,KFC,fast_food,gold,true,true,false,2,A006,20,199,600,0.20,4.1,11230,2018-11-05 10:00:00,2024-03-01 10:00:00,2024-03-01 11:00:00
6,Domino's Pizza,pizza,gold,true,true,false,3,A011,25,149,600,0.20,4.0,9650,2019-05-12 10:00:00,2024-03-01 10:00:00,2024-03-01 11:00:00
7,McDonald's,fast_food,gold,true,true,false,1,A002,15,199,500,0.20,4.1,14200,2018-07-20 10:00:00,2024-03-01 10:00:00,2024-03-01 11:00:00
8,Saravana Bhavan,south_indian,platinum,true,true,true,4,A014,20,149,400,0.18,4.6,21560,2017-04-01 10:00:00,2024-03-01 10:00:00,2024-03-01 11:00:00
9,Biryani Blues,biryani,silver,true,true,false,2,A007,30,149,450,0.22,4.2,5640,2020-09-10 10:00:00,2024-03-01 10:00:00,2024-03-01 11:00:00
10,Moti Mahal Delux,mughlai,gold,true,true,false,2,A006,35,249,1000,0.20,4.3,7890,2019-03-25 10:00:00,2024-03-01 10:00:00,2024-03-01 11:00:00
11,Café Coffee Day,beverages,silver,true,true,true,3,A012,10,99,400,0.22,3.9,4320,2020-12-01 10:00:00,2024-03-01 10:00:00,2024-03-01 11:00:00
12,Naturals Ice Cream,desserts,silver,true,true,true,1,A004,10,149,300,0.22,4.5,8760,2021-02-14 10:00:00,2024-03-01 10:00:00,2024-03-01 11:00:00
13,Punjabi Tadka,north_indian,silver,true,true,false,5,A018,25,149,400,0.22,4.0,3450,2021-06-20 10:00:00,2024-03-01 10:00:00,2024-03-01 11:00:00
14,Mainland China,chinese,gold,true,true,false,1,A005,30,349,1200,0.20,4.2,6780,2019-10-15 10:00:00,2024-03-01 10:00:00,2024-03-01 11:00:00
15,Theobroma,desserts,silver,true,true,true,7,A022,15,199,600,0.22,4.7,5430,2021-08-05 10:00:00,2024-03-01 10:00:00,2024-03-01 11:00:00
16,Arsalan,biryani,gold,true,true,false,6,A020,30,199,600,0.20,4.4,9210,2020-01-15 10:00:00,2024-03-01 10:00:00,2024-03-01 11:00:00
17,Agashiye,north_indian,silver,true,true,true,8,A024,25,299,800,0.22,4.3,2340,2021-04-10 10:00:00,2024-03-01 10:00:00,2024-03-01 11:00:00
