redemption_id,order_id,promo_id,customer_id,discount_amount_applied,redemption_status,failure_reason,redeemed_at,_fivetran_synced
RDM001,ORD004,PRO002,C004,100,success,,2024-01-08 20:31:00,2024-01-08 21:00:00
RDM002,ORD008,PRO001,C008,99,success,,2024-01-13 09:31:00,2024-01-13 10:00:00
RDM003,ORD013,PRO005,C013,75,success,,2024-01-25 21:01:00,2024-01-25 22:00:00
RDM004,ORD016,PRO003,C017,30,success,,2024-01-28 16:01:00,2024-01-28 17:00:00
RDM005,ORD018,PRO002,C019,100,success,,2024-01-30 19:31:00,2024-01-30 20:00:00
RDM006,ORD022,PRO006,C022,50,success,,2024-02-05 20:16:00,2024-02-05 21:00:00
RDM007,ORD023,PRO003,C023,30,success,,2024-02-07 13:01:00,2024-02-07 14:00:00
RDM008,ORD026,PRO007,C005,59,success,,2024-02-11 15:31:00,2024-02-11 16:00:00
RDM009,ORD030,PRO007,C019,139,success,,2024-02-18 21:01:00,2024-02-18 22:00:00
RDM010,ORD031,PRO001,C026,174,success,,2024-02-22 19:01:00,2024-02-22 20:00:00
RDM011,ORD049,PRO002,C004,100,success,,2024-03-28 20:31:00,2024-03-28 21:00:00
RDM012,ORD036,PRO002,C003,100,failed,order_cancelled,2024-01-09 14:00:00,2024-01-09 15:00:00
RDM013,ORD039,PRO003,C017,30,reversed,order_cancelled,2024-02-06 21:31:00,2024-02-06 22:00:00
RDM014,ORD040,PRO007,C022,80,failed,payment_failed,2024-02-09 12:01:00,2024-02-09 13:00:00
RDM015,ORD043,PRO003,C002,30,reversed,order_refunded,2024-01-20 19:31:00,2024-01-22 10:00:00
