delivery_id,order_id,delivery_partner_id,delivery_status,failure_reason,assigned_at,en_route_restaurant_at,arrived_restaurant_at,picked_up_at,delivered_at,delivery_distance_km,route_distance_km,updated_at,_fivetran_synced
DEL001,ORD001,DP01,delivered,,2024-01-05 12:35:00,2024-01-05 12:41:00,2024-01-05 12:52:00,2024-01-05 12:58:00,2024-01-05 13:24:00,3.2,4.1,2024-01-05 13:24:00,2024-01-05 14:00:00
DEL002,ORD002,DP05,delivered,,2024-01-06 19:20:00,2024-01-06 19:28:00,2024-01-06 19:49:00,2024-01-06 19:56:00,2024-01-06 20:28:00,4.8,6.2,2024-01-06 20:28:00,2024-01-06 21:00:00
DEL003,ORD003,DP03,delivered,,2024-01-07 13:05:00,2024-01-07 13:11:00,2024-01-07 13:21:00,2024-01-07 13:27:00,2024-01-07 13:52:00,3.5,4.3,2024-01-07 13:52:00,2024-01-07 14:30:00
DEL004,ORD004,DP08,delivered,,2024-01-08 20:35:00,2024-01-08 20:43:00,2024-01-08 20:57:00,2024-01-08 21:02:00,2024-01-08 21:29:00,4.1,5.3,2024-01-08 21:29:00,2024-01-08 22:00:00
DEL005,ORD005,DP01,delivered,,2024-01-10 12:05:00,2024-01-10 12:10:00,2024-01-10 12:19:00,2024-01-10 12:22:00,2024-01-10 12:45:00,2.4,3.1,2024-01-10 12:45:00,2024-01-10 13:15:00
DEL006,ORD006,DP03,delivered,,2024-01-11 19:50:00,2024-01-11 19:58:00,2024-01-11 20:17:00,2024-01-11 20:22:00,2024-01-11 20:54:00,4.5,5.8,2024-01-11 20:54:00,2024-01-11 21:30:00
DEL007,ORD007,DP07,delivered,,2024-01-12 13:20:00,2024-01-12 13:26:00,2024-01-12 13:37:00,2024-01-12 13:42:00,2024-01-12 14:08:00,3.8,4.9,2024-01-12 14:08:00,2024-01-12 14:30:00
DEL008,ORD008,DP07,delivered,,2024-01-13 09:35:00,2024-01-13 09:41:00,2024-01-13 09:51:00,2024-01-13 09:57:00,2024-01-13 10:22:00,3.2,4.0,2024-01-13 10:22:00,2024-01-13 11:00:00
DEL009,ORD009,DP11,delivered,,2024-01-14 16:06:00,2024-01-14 16:11:00,2024-01-14 16:21:00,2024-01-14 16:26:00,2024-01-14 16:52:00,3.0,3.8,2024-01-14 16:52:00,2024-01-14 17:30:00
DEL010,ORD010,DP05,delivered,,2024-01-15 20:05:00,2024-01-15 20:12,2024-01-15 20:28:00,2024-01-15 20:34:00,2024-01-15 21:02:00,4.6,5.9,2024-01-15 21:02:00,2024-01-15 21:30:00
DEL011,ORD011,DP02,delivered,,2024-01-16 19:06:00,2024-01-16 19:14:00,2024-01-16 19:33:00,2024-01-16 19:39:00,2024-01-16 20:08:00,5.1,6.5,2024-01-16 20:08:00,2024-01-16 20:30:00
DEL012,ORD012,DP15,delivered,,2024-01-17 13:05:00,2024-01-17 13:11:00,2024-01-17 13:21:00,2024-01-17 13:27:00,2024-01-17 13:49:00,2.8,3.5,2024-01-17 13:49:00,2024-01-17 14:15:00
DEL013,ORD013,DP03,delivered,,2024-01-25 21:06:00,2024-01-25 21:15:00,2024-01-25 21:40:00,2024-01-25 21:44:00,2024-01-25 22:17:00,5.3,6.8,2024-01-25 22:17:00,2024-01-25 22:45:00
DEL014,ORD014,DP08,delivered,,2024-01-26 12:35:00,2024-01-26 12:43:00,2024-01-26 13:00:00,2024-01-26 13:04:00,2024-01-26 13:31:00,4.0,5.1,2024-01-26 13:31:00,2024-01-26 14:00:00
DEL015,ORD015,DP01,delivered,,2024-01-27 20:35:00,2024-01-27 20:43:00,2024-01-27 21:04:00,2024-01-27 21:09:00,2024-01-27 21:39:00,4.9,6.3,2024-01-27 21:39:00,2024-01-27 22:00:00
DEL016,ORD016,DP06,delivered,,2024-01-28 16:06:00,2024-01-28 16:11:00,2024-01-28 16:16:00,2024-01-28 16:19:00,2024-01-28 16:43:00,2.9,3.7,2024-01-28 16:43:00,2024-01-28 17:00:00
DEL017,ORD017,DP04,delivered,,2024-01-29 13:05:00,2024-01-29 13:12:00,2024-01-29 13:24:00,2024-01-29 13:29:00,2024-01-29 13:56:00,3.7,4.7,2024-01-29 13:56:00,2024-01-29 14:30:00
DEL018,ORD018,DP02,delivered,,2024-01-30 19:35:00,2024-01-30 19:42:00,2024-01-30 19:53:00,2024-01-30 19:58:00,2024-01-30 20:26:00,4.2,5.4,2024-01-30 20:26:00,2024-01-30 21:00:00
DEL019,ORD019,DP08,delivered,,2024-02-01 20:06:00,2024-02-01 20:14:00,2024-02-01 20:29:00,2024-02-01 20:34:00,2024-02-01 21:02:00,4.1,5.2,2024-02-01 21:02:00,2024-02-01 21:30:00
DEL020,ORD020,DP05,delivered,,2024-02-03 19:05:00,2024-02-03 19:12:00,2024-02-03 19:37:00,2024-02-03 19:43:00,2024-02-03 20:13:00,5.8,7.4,2024-02-03 20:13:00,2024-02-03 20:45:00
DEL021,ORD021,DP01,delivered,,2024-02-04 12:35:00,2024-02-04 12:41:00,2024-02-04 12:50:00,2024-02-04 12:54:00,2024-02-04 13:19:00,3.1,4.0,2024-02-04 13:19:00,2024-02-04 14:00:00
DEL022,ORD022,DP14,delivered,,2024-02-05 20:20:00,2024-02-05 20:28:00,2024-02-05 20:49:00,2024-02-05 20:53:00,2024-02-05 21:22:00,4.6,5.9,2024-02-05 21:22:00,2024-02-05 22:00:00
DEL023,ORD023,DP15,delivered,,2024-02-07 13:05:00,2024-02-07 13:11:00,2024-02-07 13:22:00,2024-02-07 13:27:00,2024-02-07 13:50:00,2.6,3.3,2024-02-07 13:50:00,2024-02-07 14:15:00
DEL024,ORD024,DP10,delivered,,2024-02-08 20:35:00,2024-02-08 20:43:00,2024-02-08 21:05:00,2024-02-08 21:09:00,2024-02-08 21:41:00,5.4,6.9,2024-02-08 21:41:00,2024-02-08 22:00:00
DEL025,ORD025,DP06,delivered,,2024-02-10 19:05:00,2024-02-10 19:12:00,2024-02-10 19:29:00,2024-02-10 19:34:00,2024-02-10 20:01:00,4.3,5.5,2024-02-10 20:01:00,2024-02-10 20:30:00
DEL026,ORD026,DP02,delivered,,2024-02-11 15:35:00,2024-02-11 15:41:00,2024-02-11 15:46:00,2024-02-11 15:49:00,2024-02-11 16:11:00,2.6,3.3,2024-02-11 16:11:00,2024-02-11 16:45:00
DEL027,ORD027,DP03,delivered,,2024-02-14 13:05:00,2024-02-14 13:12:00,2024-02-14 13:24:00,2024-02-14 13:28:00,2024-02-14 13:53:00,3.4,4.3,2024-02-14 13:53:00,2024-02-14 14:30:00
DEL028,ORD028,DP05,delivered,,2024-02-15 17:05:00,2024-02-15 17:10:00,2024-02-15 17:15:00,2024-02-15 17:18:00,2024-02-15 17:43:00,2.9,3.7,2024-02-15 17:43:00,2024-02-15 18:00:00
DEL029,ORD029,DP08,delivered,,2024-02-18 20:05:00,2024-02-18 20:13:00,2024-02-18 20:30:00,2024-02-18 20:34:00,2024-02-18 21:05:00,4.6,5.8,2024-02-18 21:05:00,2024-02-18 21:30:00
DEL030,ORD030,DP01,delivered,,2024-02-18 21:05:00,2024-02-18 21:12:00,2024-02-18 21:35:00,2024-02-18 21:39:00,2024-02-18 22:12:00,5.2,6.7,2024-02-18 22:12:00,2024-02-18 22:45:00
DEL031,ORD031,DP10,delivered,,2024-02-22 19:06:00,2024-02-22 19:14:00,2024-02-22 19:36:00,2024-02-22 19:40:00,2024-02-22 20:12:00,5.1,6.5,2024-02-22 20:12:00,2024-02-22 20:45:00
DEL032,ORD032,DP15,delivered,,2024-02-25 13:35:00,2024-02-25 13:41:00,2024-02-25 13:53:00,2024-02-25 13:57:00,2024-02-25 14:21:00,3.4,4.3,2024-02-25 14:21:00,2024-02-25 15:00:00
DEL033,ORD033,DP12,delivered,,2024-02-28 19:05:00,2024-02-28 19:13:00,2024-02-28 19:30:00,2024-02-28 19:34:00,2024-02-28 20:04:00,4.2,5.3,2024-02-28 20:04:00,2024-02-28 20:30:00
DEL034,ORD034,DP01,delivered,,2024-03-02 12:05:00,2024-03-02 12:11:00,2024-03-02 12:24:00,2024-03-02 12:29:00,2024-03-02 12:54:00,3.0,3.8,2024-03-02 12:54:00,2024-03-02 13:30:00
DEL035,ORD035,DP03,delivered,,2024-03-05 20:35:00,2024-03-05 20:44:00,2024-03-05 21:08:00,2024-03-05 21:13:00,2024-03-05 21:47:00,5.6,7.1,2024-03-05 21:47:00,2024-03-05 22:15:00
DEL036,ORD043,DP05,delivered,,2024-01-20 19:35:00,2024-01-20 19:42:00,2024-01-20 20:00:00,2024-01-20 20:05:00,2024-01-20 20:35:00,4.2,5.4,2024-01-22 09:00:00,2024-01-22 10:00:00
DEL037,ORD044,DP07,delivered,,2024-01-30 13:05:00,2024-01-30 13:11:00,2024-01-30 13:23:00,2024-01-30 13:27:00,2024-01-30 13:52:00,2.8,3.6,2024-01-31 10:00:00,2024-01-31 11:00:00
DEL038,ORD045,DP03,delivered,,2024-02-12 21:05:00,2024-02-12 21:13:00,2024-02-12 21:33:00,2024-02-12 21:38:00,2024-02-12 22:07:00,4.5,5.7,2024-02-13 08:00:00,2024-02-13 09:00:00
DEL039,ORD046,DP08,delivered,,2024-02-25 20:05:00,2024-02-25 20:12:00,2024-02-25 20:28:00,2024-02-25 20:33:00,2024-02-25 21:02:00,4.0,5.1,2024-02-26 09:00:00,2024-02-26 10:00:00
DEL040,ORD047,DP01,out_for_delivery,,2024-03-28 19:05:00,2024-03-28 19:12:00,2024-03-28 19:32:00,2024-03-28 19:38:00,,3.8,4.8,2024-03-28 19:38:00,2024-03-28 20:00:00
DEL041,ORD048,DP05,out_for_delivery,,2024-03-28 20:06:00,2024-03-28 20:13:00,2024-03-28 20:40:00,2024-03-28 20:45:00,,6.1,7.8,2024-03-28 20:45:00,2024-03-28 21:00:00
DEL042,ORD049,DP08,out_for_delivery,,2024-03-28 20:35:00,2024-03-28 20:42:00,2024-03-28 20:58:00,2024-03-28 21:04:00,,4.2,5.3,2024-03-28 21:04:00,2024-03-28 21:30:00
DEL043,ORD050,DP10,out_for_delivery,,2024-03-28 21:06:00,2024-03-28 21:13:00,2024-03-28 21:34:00,2024-03-28 21:40:00,,5.0,6.4,2024-03-28 21:40:00,2024-03-28 22:00:00

DEL045,ORD052,DP01,delivered,,2024-03-01 12:05:00,2024-03-01 12:12:00,2024-03-01 12:24:00,2024-03-01 12:28:00,2024-03-01 12:55:00,3.4,4.3,2024-03-01 12:55:00,2024-03-01 13:20:00
DEL046,ORD053,DP05,delivered,,2024-03-01 19:05:00,2024-03-01 19:13:00,2024-03-01 19:28:00,2024-03-01 19:33:00,2024-03-01 20:01:00,4.7,5.9,2024-03-01 20:01:00,2024-03-01 20:30:00
DEL047,ORD054,DP11,delivered,,2024-03-02 16:05:00,2024-03-02 16:10:00,2024-03-02 16:18:00,2024-03-02 16:22:00,2024-03-02 16:48:00,3.1,4.0,2024-03-02 16:48:00,2024-03-02 17:15:00
DEL048,ORD055,DP07,delivered,,2024-03-02 09:05:00,2024-03-02 09:10:00,2024-03-02 09:18:00,2024-03-02 09:22:00,2024-03-02 09:46:00,2.6,3.3,2024-03-02 09:46:00,2024-03-02 10:10:00
DEL049,ORD056,DP01,delivered,,2024-03-03 12:20:00,2024-03-03 12:27:00,2024-03-03 12:39:00,2024-03-03 12:43:00,2024-03-03 13:10:00,3.5,4.4,2024-03-03 13:10:00,2024-03-03 13:35:00
DEL050,ORD057,DP05,delivered,,2024-03-03 19:15:00,2024-03-03 19:23:00,2024-03-03 19:38:00,2024-03-03 19:43:00,2024-03-03 20:12:00,4.8,6.0,2024-03-03 20:12:00,2024-03-03 20:40:00
DEL051,ORD058,DP11,delivered,,2024-03-04 16:15:00,2024-03-04 16:20:00,2024-03-04 16:28:00,2024-03-04 16:32:00,2024-03-04 16:58:00,3.0,3.9,2024-03-04 16:58:00,2024-03-04 17:20:00
DEL052,ORD059,DP07,delivered,,2024-03-04 09:20:00,2024-03-04 09:25:00,2024-03-04 09:33:00,2024-03-04 09:37:00,2024-03-04 10:01:00,2.7,3.4,2024-03-04 10:01:00,2024-03-04 10:25:00
DEL053,ORD060,DP02,delivered,,2024-03-05 12:25:00,2024-03-05 12:32:00,2024-03-05 12:44:00,2024-03-05 12:48:00,2024-03-05 13:15:00,3.4,4.2,2024-03-05 13:15:00,2024-03-05 13:40:00
DEL054,ORD061,DP05,delivered,,2024-03-05 19:25:00,2024-03-05 19:33:00,2024-03-05 19:48:00,2024-03-05 19:53:00,2024-03-05 20:21:00,4.6,5.8,2024-03-05 20:21:00,2024-03-05 20:50:00
DEL055,ORD062,DP11,delivered,,2024-03-06 16:25:00,2024-03-06 16:30:00,2024-03-06 16:38:00,2024-03-06 16:42:00,2024-03-06 17:08:00,3.2,4.1,2024-03-06 17:08:00,2024-03-06 17:30:00
DEL056,ORD063,DP07,delivered,,2024-03-06 09:25:00,2024-03-06 09:30:00,2024-03-06 09:38:00,2024-03-06 09:42:00,2024-03-06 10:06:00,2.5,3.2,2024-03-06 10:06:00,2024-03-06 10:30:00
DEL057,ORD064,DP01,delivered,,2024-03-07 12:30:00,2024-03-07 12:37:00,2024-03-07 12:49:00,2024-03-07 12:53:00,2024-03-07 13:20:00,3.4,4.3,2024-03-07 13:20:00,2024-03-07 13:45:00
DEL058,ORD065,DP06,delivered,,2024-03-07 19:30:00,2024-03-07 19:38:00,2024-03-07 19:53:00,2024-03-07 19:58:00,2024-03-07 20:26:00,4.9,6.1,2024-03-07 20:26:00,2024-03-07 20:55:00
DEL059,ORD066,DP11,delivered,,2024-03-08 16:30:00,2024-03-08 16:35:00,2024-03-08 16:43:00,2024-03-08 16:47:00,2024-03-08 17:13:00,3.1,4.0,2024-03-08 17:13:00,2024-03-08 17:35:00
DEL060,ORD067,DP15,delivered,,2024-03-08 09:30:00,2024-03-08 09:35:00,2024-03-08 09:43:00,2024-03-08 09:47:00,2024-03-08 10:11:00,2.8,3.5,2024-03-08 10:11:00,2024-03-08 10:35:00
DEL061,ORD068,DP02,delivered,,2024-03-09 12:35:00,2024-03-09 12:42:00,2024-03-09 12:54:00,2024-03-09 12:58:00,2024-03-09 13:25:00,3.5,4.4,2024-03-09 13:25:00,2024-03-09 13:50:00
DEL062,ORD069,DP05,delivered,,2024-03-09 19:35:00,2024-03-09 19:43:00,2024-03-09 19:58:00,2024-03-09 20:03:00,2024-03-09 20:31:00,4.7,5.9,2024-03-09 20:31:00,2024-03-09 21:00:00
DEL063,ORD070,DP11,delivered,,2024-03-10 16:35:00,2024-03-10 16:40:00,2024-03-10 16:48:00,2024-03-10 16:52:00,2024-03-10 17:18:00,3.0,3.9,2024-03-10 17:18:00,2024-03-10 17:40:00
DEL064,ORD071,DP07,delivered,,2024-03-10 09:35:00,2024-03-10 09:40:00,2024-03-10 09:48:00,2024-03-10 09:52:00,2024-03-10 10:16:00,2.6,3.3,2024-03-10 10:16:00,2024-03-10 10:40:00
DEL065,ORD072,DP01,delivered,,2024-03-11 12:05:00,2024-03-11 12:12:00,2024-03-11 12:24:00,2024-03-11 12:28:00,2024-03-11 12:55:00,3.4,4.3,2024-03-11 12:55:00,2024-03-11 13:20:00
DEL066,ORD073,DP05,delivered,,2024-03-11 19:05:00,2024-03-11 19:13:00,2024-03-11 19:28:00,2024-03-11 19:33:00,2024-03-11 20:01:00,4.7,5.9,2024-03-11 20:01:00,2024-03-11 20:30:00
DEL067,ORD074,DP11,delivered,,2024-03-12 16:05:00,2024-03-12 16:10:00,2024-03-12 16:18:00,2024-03-12 16:22:00,2024-03-12 16:48:00,3.1,4.0,2024-03-12 16:48:00,2024-03-12 17:15:00
DEL068,ORD075,DP07,delivered,,2024-03-12 09:05:00,2024-03-12 09:10:00,2024-03-12 09:18:00,2024-03-12 09:22:00,2024-03-12 09:46:00,2.6,3.3,2024-03-12 09:46:00,2024-03-12 10:10:00
DEL069,ORD076,DP01,delivered,,2024-03-13 12:20:00,2024-03-13 12:27:00,2024-03-13 12:39:00,2024-03-13 12:43:00,2024-03-13 13:10:00,3.5,4.4,2024-03-13 13:10:00,2024-03-13 13:35:00
DEL070,ORD077,DP05,delivered,,2024-03-13 19:15:00,2024-03-13 19:23:00,2024-03-13 19:38:00,2024-03-13 19:43:00,2024-03-13 20:12:00,4.8,6.0,2024-03-13 20:12:00,2024-03-13 20:40:00
DEL071,ORD078,DP11,delivered,,2024-03-14 16:15:00,2024-03-14 16:20:00,2024-03-14 16:28:00,2024-03-14 16:32:00,2024-03-14 16:58:00,3.0,3.9,2024-03-14 16:58:00,2024-03-14 17:20:00
DEL072,ORD079,DP07,delivered,,2024-03-14 09:20:00,2024-03-14 09:25:00,2024-03-14 09:33:00,2024-03-14 09:37:00,2024-03-14 10:01:00,2.7,3.4,2024-03-14 10:01:00,2024-03-14 10:25:00
DEL073,ORD080,DP02,delivered,,2024-03-15 12:25:00,2024-03-15 12:32:00,2024-03-15 12:44:00,2024-03-15 12:48:00,2024-03-15 13:15:00,3.4,4.2,2024-03-15 13:15:00,2024-03-15 13:40:00
DEL074,ORD081,DP05,delivered,,2024-03-15 19:25:00,2024-03-15 19:33:00,2024-03-15 19:48:00,2024-03-15 19:53:00,2024-03-15 20:21:00,4.6,5.8,2024-03-15 20:21:00,2024-03-15 20:50:00
DEL075,ORD082,DP11,delivered,,2024-03-16 16:25:00,2024-03-16 16:30:00,2024-03-16 16:38:00,2024-03-16 16:42:00,2024-03-16 17:08:00,3.2,4.1,2024-03-16 17:08:00,2024-03-16 17:30:00
DEL076,ORD083,DP07,delivered,,2024-03-16 09:25:00,2024-03-16 09:30:00,2024-03-16 09:38:00,2024-03-16 09:42:00,2024-03-16 10:06:00,2.5,3.2,2024-03-16 10:06:00,2024-03-16 10:30:00
DEL077,ORD084,DP01,delivered,,2024-03-17 12:30:00,2024-03-17 12:37:00,2024-03-17 12:49:00,2024-03-17 12:53:00,2024-03-17 13:20:00,3.4,4.3,2024-03-17 13:20:00,2024-03-17 13:45:00
DEL078,ORD085,DP06,delivered,,2024-03-17 19:30:00,2024-03-17 19:38:00,2024-03-17 19:53:00,2024-03-17 19:58:00,2024-03-17 20:26:00,4.9,6.1,2024-03-17 20:26:00,2024-03-17 20:55:00
DEL079,ORD086,DP11,delivered,,2024-03-18 16:30:00,2024-03-18 16:35:00,2024-03-18 16:43:00,2024-03-18 16:47:00,2024-03-18 17:13:00,3.1,4.0,2024-03-18 17:13:00,2024-03-18 17:35:00
DEL080,ORD087,DP15,delivered,,2024-03-18 09:30:00,2024-03-18 09:35:00,2024-03-18 09:43:00,2024-03-18 09:47:00,2024-03-18 10:11:00,2.8,3.5,2024-03-18 10:11:00,2024-03-18 10:35:00
DEL081,ORD088,DP02,delivered,,2024-03-19 12:35:00,2024-03-19 12:42:00,2024-03-19 12:54:00,2024-03-19 12:58:00,2024-03-19 13:25:00,3.5,4.4,2024-03-19 13:25:00,2024-03-19 13:50:00
DEL082,ORD089,DP05,delivered,,2024-03-19 19:35:00,2024-03-19 19:43:00,2024-03-19 19:58:00,2024-03-19 20:03:00,2024-03-19 20:31:00,4.7,5.9,2024-03-19 20:31:00,2024-03-19 21:00:00
DEL083,ORD090,DP11,delivered,,2024-03-20 16:35:00,2024-03-20 16:40:00,2024-03-20 16:48:00,2024-03-20 16:52:00,2024-03-20 17:18:00,3.0,3.9,2024-03-20 17:18:00,2024-03-20 17:40:00
DEL084,ORD091,DP07,delivered,,2024-03-20 09:35:00,2024-03-20 09:40:00,2024-03-20 09:48:00,2024-03-20 09:52:00,2024-03-20 10:16:00,2.6,3.3,2024-03-20 10:16:00,2024-03-20 10:40:00
