cuisine_id,cuisine_name,cuisine_category,is_premium
1,north_indian,Indian,false
2,south_indian,Indian,false
3,biryani,Indian,false
4,mughlai,Indian,false
5,chinese,Asian,false
6,thai,Asian,true
7,japanese,Asian,true
8,fast_food,Western,false
9,pizza,Western,false
10,burgers,Western,false
11,italian,Western,true
12,mexican,Western,false
13,continental,Western,true
14,desserts,Sweets & Beverages,false
15,beverages,Sweets & Beverages,false
16,healthy,Health,true
17,bakery,Bakery,false
18,seafood,Seafood,true
19,other,Other,false
