city_id,city_name,tier,state,is_metro
1,Mumbai,1,Maharashtra,true
2,Delhi,1,Delhi,true
3,Bengaluru,1,Karnataka,true
4,Chennai,1,Tamil Nadu,true
5,Hyderabad,1,Telangana,true
6,Kolkata,1,West Bengal,true
7,Pune,2,Maharashtra,false
8,Ahmedabad,2,Gujarat,false
9,Jaipur,2,Rajasthan,false
10,Lucknow,2,Uttar Pradesh,false
11,Surat,2,Gujarat,false
12,Nagpur,2,Maharashtra,false
13,Chandigarh,2,Punjab,false
14,Coimbatore,2,Tamil Nadu,false
15,Kochi,2,Kerala,false
16,Bhubaneswar,3,Odisha,false
17,Indore,3,Madhya Pradesh,false
18,Visakhapatnam,3,Andhra Pradesh,false
19,Patna,3,Bihar,false
20,Guwahati,3,Assam,false
